token	cluster	glide	vowel	geminate_y_l	hits	n_volumes	volumes
dve	dv	v	e	0	8363	40	01Vin01,02Vin02,03Vin03,04Vin04,05Vin05,06Di01,07Di02,08Di03,09Ma01,10Ma02,11Ma03,12Sam01,13Sam02,14Sam03,15An01,16An02,17An03,18Khu01,19Khu02,20Khu03,21Khu04,22Khu05,23Khu06,24Khu07,25Khu08,26Khu09,27khu10,28Khu11,29Abhi01,30Abhi02,31Abhi03,32Abhi04,33Abhi05,34Abhi06,35Abhi07,36Abhi08,37Abhi09,38Abhi10,39Abhi11,40Abhi12
tumhe	mh	h	e	0	950	28	01Vin01,02Vin02,03Vin03,04Vin04,05Vin05,06Di01,07Di02,08Di03,09Ma01,10Ma02,11Ma03,12Sam01,13Sam02,14Sam03,15An01,16An02,17An03,18Khu01,19Khu02,20Khu03,21Khu04,22Khu05,23Khu06,24Khu07,25Khu08,27khu10,28Khu11,30Abhi02
tveva	tv	v	e	0	311	26	01Vin01,03Vin03,04Vin04,05Vin05,06Di01,07Di02,08Di03,09Ma01,10Ma02,11Ma03,12Sam01,13Sam02,14Sam03,15An01,16An02,17An03,18Khu01,20Khu03,22Khu05,23Khu06,24Khu07,25Khu08,26Khu09,27khu10,28Khu11,32Abhi04
dvepi	dv	v	e	0	199	25	01Vin01,03Vin03,05Vin05,06Di01,08Di03,09Ma01,10Ma02,11Ma03,12Sam01,13Sam02,14Sam03,15An01,16An02,17An03,18Khu01,24Khu07,25Khu08,26Khu09,27khu10,28Khu11,30Abhi02,31Abhi03,37Abhi09,38Abhi10,39Abhi11
bhiyyo	yy	y	o	1	369	24	02Vin02,03Vin03,04Vin04,06Di01,07Di02,08Di03,09Ma01,10Ma02,11Ma03,12Sam01,13Sam02,16An02,17An03,18Khu01,19Khu02,20Khu03,21Khu04,22Khu05,23Khu06,24Khu07,25Khu08,27khu10,28Khu11,30Abhi02
seyyo	yy	y	o	1	219	21	01Vin01,02Vin02,03Vin03,04Vin04,05Vin05,06Di01,07Di02,08Di03,10Ma02,11Ma03,12Sam01,13Sam02,15An01,18Khu01,19Khu02,21Khu04,22Khu05,23Khu06,24Khu07,27khu10,30Abhi02
amhe	mh	h	e	0	100	21	01Vin01,02Vin02,03Vin03,04Vin04,06Di01,07Di02,08Di03,09Ma01,10Ma02,11Ma03,12Sam01,13Sam02,14Sam03,17An03,19Khu02,21Khu04,22Khu05,23Khu06,24Khu07,25Khu08,28Khu11
bhiyyobhāvāya	yy	y	o	1	192	19	01Vin01,02Vin02,03Vin03,04Vin04,05Vin05,07Di02,08Di03,09Ma01,10Ma02,11Ma03,13Sam02,14Sam03,15An01,17An03,25Khu08,26Khu09,27khu10,29Abhi01,30Abhi02
yebhuyyena	yy	y	e	1	127	19	01Vin01,02Vin02,03Vin03,05Vin05,06Di01,07Di02,08Di03,09Ma01,10Ma02,12Sam01,13Sam02,15An01,16An02,17An03,18Khu01,23Khu06,24Khu07,27khu10,28Khu11
amhehi	mh	h	e	0	68	18	01Vin01,02Vin02,03Vin03,04Vin04,06Di01,07Di02,09Ma01,10Ma02,12Sam01,14Sam03,15An01,16An02,17An03,19Khu02,21Khu04,22Khu05,27khu10,28Khu11
dakkhiṇeyyo	yy	y	o	1	62	18	07Di02,08Di03,09Ma01,10Ma02,11Ma03,12Sam01,13Sam02,14Sam03,15An01,16An02,17An03,18Khu01,19Khu02,20Khu03,21Khu04,27khu10,28Khu11,32Abhi04
ayye	yy	y	e	1	303	16	01Vin01,02Vin02,03Vin03,04Vin04,05Vin05,07Di02,09Ma01,12Sam01,13Sam02,15An01,16An02,17An03,19Khu02,21Khu04,22Khu05,23Khu06
sveva	sv	v	e	0	284	15	03Vin03,06Di01,07Di02,08Di03,12Sam01,13Sam02,14Sam03,15An01,16An02,24Khu07,25Khu08,29Abhi01,30Abhi02,32Abhi04,34Abhi06
āhuneyyo	yy	y	o	1	104	15	07Di02,08Di03,09Ma01,10Ma02,11Ma03,12Sam01,13Sam02,14Sam03,15An01,16An02,17An03,18Khu01,23Khu06,27khu10,32Abhi04
pañhe	ñh	h	e	0	76	15	07Di02,09Ma01,13Sam02,18Khu01,19Khu02,20Khu03,21Khu04,22Khu05,23Khu06,24Khu07,25Khu08,27khu10,28Khu11,32Abhi04,40Abhi12
asammūḷho	ḷh	h	o	0	42	15	03Vin03,05Vin05,07Di02,08Di03,09Ma01,13Sam02,15An01,16An02,17An03,18Khu01,24Khu07,25Khu08,26Khu09,28Khu11,32Abhi04
sammūḷho	ḷh	h	o	0	42	15	03Vin03,05Vin05,07Di02,08Di03,09Ma01,15An01,16An02,17An03,18Khu01,19Khu02,22Khu05,23Khu06,28Khu11,30Abhi02,32Abhi04
bhiyyoso	yy	y	o	1	56	14	03Vin03,06Di01,07Di02,08Di03,09Ma01,10Ma02,11Ma03,12Sam01,14Sam03,15An01,18Khu01,27khu10,28Khu11,31Abhi03
pāhuneyyo	yy	y	o	1	56	14	07Di02,08Di03,09Ma01,10Ma02,11Ma03,12Sam01,13Sam02,14Sam03,15An01,16An02,17An03,18Khu01,27khu10,32Abhi04
tumhehi	mh	h	e	0	54	14	01Vin01,02Vin02,03Vin03,06Di01,09Ma01,14Sam03,15An01,16An02,18Khu01,19Khu02,23Khu06,24Khu07,25Khu08,28Khu11
pañho	ñh	h	o	0	179	13	06Di01,08Di03,11Ma03,12Sam01,13Sam02,15An01,17An03,20Khu03,25Khu08,27khu10,28Khu11,36Abhi08,38Abhi10
aññatreva	tr	r	e	0	88	13	03Vin03,04Vin04,06Di01,09Ma01,10Ma02,11Ma03,12Sam01,13Sam02,15An01,17An03,18Khu01,27khu10,28Khu11
nigrodhārāme	gr	r	o	0	37	13	01Vin01,02Vin02,03Vin03,04Vin04,09Ma01,10Ma02,11Ma03,13Sam02,14Sam03,15An01,16An02,17An03,28Khu11
ayyo	yy	y	o	1	189	12	01Vin01,02Vin02,03Vin03,04Vin04,10Ma02,11Ma03,12Sam01,13Sam02,15An01,16An02,17An03,18Khu01
mūḷho	ḷh	h	o	0	60	12	05Vin05,13Sam02,15An01,16An02,18Khu01,22Khu05,23Khu06,24Khu07,25Khu08,26Khu09,28Khu11,32Abhi04
appameyyo	yy	y	o	1	57	12	10Ma02,13Sam02,14Sam03,15An01,16An02,20Khu03,21Khu04,23Khu06,25Khu08,27khu10,28Khu11,31Abhi03
kaṇho	ṇh	h	o	0	53	12	01Vin01,06Di01,07Di02,08Di03,10Ma02,11Ma03,17An03,19Khu02,22Khu05,24Khu07,25Khu08,27khu10
gaṇheyya	ṇh	h	e	0	36	12	01Vin01,04Vin04,09Ma01,11Ma03,12Sam01,13Sam02,15An01,22Khu05,23Khu06,24Khu07,25Khu08,28Khu11
uyyojesi	yy	y	o	1	22	12	02Vin02,03Vin03,04Vin04,05Vin05,07Di02,08Di03,10Ma02,11Ma03,13Sam02,18Khu01,20Khu03,21Khu04
dvemā	dv	v	e	0	49	11	03Vin03,08Di03,09Ma01,10Ma02,13Sam02,14Sam03,15An01,18Khu01,27khu10,28Khu11,32Abhi04
paṭiggaṇheyya	ṇh	h	e	0	46	11	01Vin01,02Vin02,03Vin03,04Vin04,05Vin05,06Di01,07Di02,10Ma02,17An03,18Khu01,32Abhi04
bhadrena	dr	r	e	0	28	11	06Di01,07Di02,09Ma01,10Ma02,12Sam01,13Sam02,15An01,16An02,22Khu05,24Khu07,25Khu08
natveva	tv	v	e	0	21	11	03Vin03,04Vin04,06Di01,07Di02,10Ma02,16An02,18Khu01,21Khu04,23Khu06,24Khu07,28Khu11
dveme	dv	v	e	0	133	10	03Vin03,07Di02,12Sam01,13Sam02,14Sam03,15An01,18Khu01,26Khu09,27khu10,28Khu11
saṇhena	ṇh	h	e	0	37	10	04Vin04,05Vin05,08Di03,09Ma01,15An01,16An02,17An03,19Khu02,22Khu05,24Khu07
sve	sv	v	e	0	23	10	01Vin01,03Vin03,04Vin04,06Di01,07Di02,10Ma02,12Sam01,15An01,23Khu06,28Khu11
bhadro	dr	r	o	0	79	9	01Vin01,10Ma02,12Sam01,15An01,16An02,17An03,18Khu01,23Khu06,30Abhi02
pañhena	ñh	h	e	0	56	9	04Vin04,06Di01,10Ma02,15An01,18Khu01,21Khu04,24Khu07,25Khu08,27khu10
tiṇhena	ṇh	h	e	0	46	9	01Vin01,06Di01,08Di03,09Ma01,10Ma02,11Ma03,13Sam02,16An02,28Khu11
uṇhe	ṇh	h	e	0	46	9	03Vin03,04Vin04,07Di02,11Ma03,15An01,19Khu02,21Khu04,22Khu05,28Khu11
sallena	ll	l	e	1	43	9	10Ma02,11Ma03,12Sam01,13Sam02,18Khu01,24Khu07,27khu10,28Khu11,32Abhi04
tumhepi	mh	h	e	0	41	9	02Vin02,03Vin03,04Vin04,09Ma01,10Ma02,12Sam01,13Sam02,15An01,18Khu01
nigrodho	gr	r	o	0	33	9	02Vin02,04Vin04,06Di01,08Di03,13Sam02,14Sam03,19Khu02,22Khu05,28Khu11
dveva	dv	v	e	0	30	9	07Di02,08Di03,10Ma02,18Khu01,22Khu05,23Khu06,26Khu09,28Khu11,32Abhi04
dakkhiṇeyye	yy	y	e	1	17	9	12Sam01,15An01,16An02,18Khu01,20Khu03,21Khu04,22Khu05,25Khu08,28Khu11
gārayho	yh	h	o	0	125	8	08Di03,10Ma02,13Sam02,15An01,16An02,17An03,22Khu05,23Khu06
neyyo	yy	y	o	1	46	8	15An01,18Khu01,23Khu06,24Khu07,25Khu08,26Khu09,27khu10,31Abhi03
vītataṇho	ṇh	h	o	0	45	8	15An01,18Khu01,19Khu02,22Khu05,24Khu07,25Khu08,26Khu09,32Abhi04
nillopaṃ	ll	l	o	1	35	8	06Di01,10Ma02,13Sam02,32Abhi04,36Abhi08,37Abhi09,38Abhi10,39Abhi11
ayyena	yy	y	e	1	24	8	01Vin01,02Vin02,03Vin03,04Vin04,07Di02,12Sam01,13Sam02,15An01
samupabyūḷho	ḷh	h	o	0	20	8	07Di02,09Ma01,12Sam01,13Sam02,14Sam03,17An03,20Khu03,28Khu11
tvevāhaṃ	tv	v	e	0	20	8	03Vin03,04Vin04,11Ma03,12Sam01,13Sam02,14Sam03,17An03,22Khu05
hiyyo	yy	y	o	1	19	8	01Vin01,02Vin02,03Vin03,04Vin04,13Sam02,16An02,23Khu06,28Khu11
amhesu	mh	h	e	0	16	8	03Vin03,04Vin04,06Di01,09Ma01,12Sam01,14Sam03,22Khu05,23Khu06
avigatataṇho	ṇh	h	o	0	15	8	08Di03,09Ma01,13Sam02,15An01,16An02,17An03,24Khu07,30Abhi02
viññeyyo	yy	y	o	1	100	7	07Di02,10Ma02,24Khu07,30Abhi02,38Abhi10,39Abhi11,40Abhi12
seyyohamasmī	yy	y	o	1	57	7	13Sam02,15An01,24Khu07,25Khu08,27khu10,29Abhi01,30Abhi02
uṇhena	ṇh	h	e	0	25	7	02Vin02,03Vin03,04Vin04,24Khu07,25Khu08,27khu10,28Khu11
visallo	ll	l	o	1	17	7	12Sam01,16An02,18Khu01,19Khu02,21Khu04,22Khu05,27khu10
bhiyyopi	yy	y	o	1	13	7	10Ma02,11Ma03,12Sam01,15An01,18Khu01,23Khu06,28Khu11
tumheva	mh	h	e	0	11	7	03Vin03,07Di02,09Ma01,14Sam03,17An03,18Khu01,22Khu05
bhiyyoti	yy	y	o	1	10	7	02Vin02,04Vin04,09Ma01,10Ma02,12Sam01,24Khu07,25Khu08
nigrodhārāma	gr	r	o	0	7	7	02Vin02,03Vin03,04Vin04,15An01,16An02,17An03,28Khu11
tatreva	tr	r	e	0	52	6	10Ma02,11Ma03,15An01,16An02,17An03,18Khu01
seyyoti	yy	y	o	1	39	6	01Vin01,03Vin03,10Ma02,16An02,19Khu02,27khu10
khvettha	khv	v	e	0	22	6	07Di02,10Ma02,12Sam01,15An01,17An03,22Khu05
bhiyyosomattāya	yy	y	o	1	21	6	01Vin01,03Vin03,04Vin04,13Sam02,17An03,28Khu11
mallesu	ll	l	e	1	17	6	08Di03,13Sam02,14Sam03,17An03,18Khu01,21Khu04
tuyheva	yh	h	e	0	15	6	01Vin01,03Vin03,12Sam01,19Khu02,22Khu05,23Khu06
uyyojetvā	yy	y	o	1	15	6	02Vin02,03Vin03,16An02,17An03,21Khu04,28Khu11
metteyyo	yy	y	o	1	14	6	08Di03,18Khu01,20Khu03,21Khu04,24Khu07,25Khu08
dvedhāpatho	dv	v	e	0	13	6	13Sam02,23Khu06,24Khu07,25Khu08,29Abhi01,30Abhi02
todeyyo	yy	y	o	1	13	6	06Di01,10Ma02,15An01,18Khu01,20Khu03,25Khu08
dvedhā	dv	v	e	0	11	6	02Vin02,03Vin03,10Ma02,14Sam03,23Khu06,24Khu07
ajapālanigrodhe	gr	r	o	0	10	6	07Di02,12Sam01,14Sam03,15An01,18Khu01,32Abhi04
daḷhena	ḷh	h	e	0	10	6	09Ma01,10Ma02,11Ma03,13Sam02,16An02,18Khu01
vigatataṇho	ṇh	h	o	0	10	6	09Ma01,13Sam02,15An01,17An03,24Khu07,25Khu08
dveyeva	dv	v	e	0	7	6	06Di01,10Ma02,18Khu01,25Khu08,27khu10,40Abhi12
avijjāyatveva	tv	v	e	0	6	6	03Vin03,09Ma01,11Ma03,12Sam01,15An01,24Khu07
anveti	nv	v	e	0	32	5	18Khu01,23Khu06,24Khu07,25Khu08,27khu10
samārūḷho	ḷh	h	o	0	30	5	09Ma01,20Khu03,22Khu05,25Khu08,27khu10
juṇhe	ṇh	h	e	0	26	5	03Vin03,05Vin05,22Khu05,24Khu07,25Khu08
uyyodhikaṃ	yy	y	o	1	18	5	02Vin02,05Vin05,06Di01,24Khu07,25Khu08
ādhipateyyena	yy	y	e	1	18	5	08Di03,13Sam02,14Sam03,16An02,17An03
saṇho	ṇh	h	o	0	17	5	08Di03,18Khu01,23Khu06,24Khu07,28Khu11
dhammādhipateyyo	yy	y	o	1	16	5	08Di03,15An01,16An02,26Khu09,28Khu11
gimhe	mh	h	e	0	16	5	05Vin05,18Khu01,24Khu07,25Khu08,28Khu11
dveḷhakaṃ	dv	v	e	0	12	5	20Khu03,24Khu07,25Khu08,29Abhi01,30Abhi02
khvetaṃ	khv	v	e	0	12	5	01Vin01,02Vin02,03Vin03,04Vin04,18Khu01
sallekhāya	ll	l	e	1	12	5	01Vin01,02Vin02,03Vin03,04Vin04,09Ma01
uṇhodakaṃ	ṇh	h	o	0	10	5	03Vin03,12Sam01,19Khu02,27khu10,28Khu11
anventi	nv	v	e	0	9	5	19Khu02,20Khu03,23Khu06,24Khu07,27khu10
bhāgineyyo	yy	y	o	1	9	5	01Vin01,06Di01,09Ma01,12Sam01,28Khu11
amhepi	mh	h	e	0	6	5	02Vin02,06Di01,13Sam02,19Khu02,21Khu04
tāsveva	sv	v	e	0	6	5	03Vin03,07Di02,14Sam03,20Khu03,27khu10
dveti	dv	v	e	0	5	5	03Vin03,13Sam02,15An01,16An02,17An03
abhiññeyyo	yy	y	o	1	396	4	08Di03,13Sam02,26Khu09,30Abhi02
nigrodha	gr	r	o	0	116	4	08Di03,19Khu02,22Khu05,28Khu11
bhadrehi	dr	r	e	0	24	4	03Vin03,10Ma02,16An02,17An03
pariññeyyo	yy	y	o	1	23	4	08Di03,13Sam02,26Khu09,30Abhi02
cakkhuviññeyyesu	yy	y	e	1	22	4	09Ma01,11Ma03,13Sam02,25Khu08
manoviññeyyesu	yy	y	e	1	21	4	09Ma01,11Ma03,13Sam02,25Khu08
sāḷho	ḷh	h	o	0	19	4	02Vin02,07Di02,14Sam03,15An01
abbūḷhesiko	ḷh	h	e	0	18	4	09Ma01,16An02,24Khu07,32Abhi04
ajjaṇho	ṇh	h	o	0	17	4	01Vin01,02Vin02,03Vin03,05Vin05
amūḷho	ḷh	h	o	0	14	4	04Vin04,05Vin05,07Di02,15An01
paraneyyo	yy	y	o	1	13	4	22Khu05,24Khu07,25Khu08,32Abhi04
tissametteyyo	yy	y	o	1	13	4	18Khu01,20Khu03,24Khu07,25Khu08
bhiyyova	yy	y	o	1	12	4	10Ma02,15An01,19Khu02,22Khu05
nillopampi	ll	l	o	1	12	4	15An01,16An02,24Khu07,25Khu08
sallekhassa	ll	l	e	1	12	4	01Vin01,02Vin02,03Vin03,04Vin04
dvenavuti	dv	v	e	0	10	4	02Vin02,04Vin04,05Vin05,20Khu03
bhiyyokamyataṃ	yy	y	o	1	9	4	02Vin02,04Vin04,24Khu07,25Khu08
cakkhuviññeyyehi	yy	y	e	1	9	4	09Ma01,10Ma02,13Sam02,17An03
daḷhe	ḷh	h	e	0	9	4	11Ma03,13Sam02,18Khu01,27khu10
dukkhamanveti	nv	v	e	0	9	4	18Khu01,19Khu02,24Khu07,27khu10
evañhetaṃ	ñh	h	e	0	9	4	02Vin02,08Di03,09Ma01,23Khu06
paññādhipateyyo	yy	y	o	1	9	4	15An01,24Khu07,25Khu08,26Khu09
anvesaṃ	nv	v	e	0	8	4	09Ma01,12Sam01,22Khu05,23Khu06
malle	ll	l	e	1	8	4	07Di02,08Di03,21Khu04,23Khu06
nigrodhaṃ	gr	r	o	0	8	4	08Di03,19Khu02,21Khu04,23Khu06
daḷhehi	ḷh	h	e	0	7	4	10Ma02,13Sam02,15An01,22Khu05
dvesattati	dv	v	e	0	7	4	05Vin05,20Khu03,21Khu04,26Khu09
paggaṇhe	ṇh	h	e	0	7	4	12Sam01,15An01,23Khu06,28Khu11
semhena	mh	h	e	0	7	4	07Di02,11Ma03,22Khu05,28Khu11
ārogye	gy	y	e	0	7	4	14Sam03,15An01,16An02,24Khu07
anvetu	nv	v	e	0	6	4	10Ma02,18Khu01,19Khu02,23Khu06
daḷho	ḷh	h	o	0	6	4	07Di02,19Khu02,21Khu04,22Khu05
yye	yy	y	e	1	6	4	19Khu02,21Khu04,22Khu05,23Khu06
dhorayho	yh	h	o	0	5	4	12Sam01,15An01,16An02,21Khu04
nigrodhaparimaṇḍalo	gr	r	o	0	5	4	07Di02,08Di03,10Ma02,22Khu05
pañhesu	ñh	h	e	0	5	4	19Khu02,27khu10,28Khu11,38Abhi10
tatrekacce	tr	r	e	0	5	4	06Di01,09Ma01,10Ma02,12Sam01
taṇhāsallena	ll	l	e	1	5	4	12Sam01,19Khu02,24Khu07,27khu10
tesveva	sv	v	e	0	4	4	01Vin01,12Sam01,19Khu02,28Khu11
asaṅkhyeyyo	ṅkhy	y	e	0	30	3	14Sam03,15An01,16An02
dvemāni	dv	v	e	0	26	3	15An01,18Khu01,27khu10
uyyojeti	yy	y	o	1	23	3	02Vin02,05Vin05,17An03
mallo	ll	l	o	1	22	3	03Vin03,07Di02,28Khu11
korabyo	by	y	o	0	21	3	10Ma02,16An02,22Khu05
naviññeyyo	yy	y	o	1	19	3	38Abhi10,39Abhi11,40Abhi12
tuyhevetaṃ	yh	h	e	0	16	3	06Di01,07Di02,08Di03
bhiyyobhiññataro	yy	y	o	1	14	3	07Di02,08Di03,14Sam03
māyyo	yy	y	o	1	13	3	01Vin01,02Vin02,03Vin03
sallekhā	ll	l	e	1	13	3	05Vin05,09Ma01,25Khu08
ayyeti	yy	y	e	1	12	3	02Vin02,03Vin03,09Ma01
khvayyo	yy	y	o	1	12	3	01Vin01,03Vin03,17An03
vatthaguyhe	yh	h	e	0	12	3	06Di01,10Ma02,18Khu01
kaṇhe	ṇh	h	e	0	11	3	08Di03,22Khu05,23Khu06
mahāpuññakkhandhotveva	tv	v	e	0	11	3	14Sam03,15An01,16An02
abhisallekhikā	ll	l	e	1	10	3	11Ma03,17An03,18Khu01
nillolupo	ll	l	o	1	10	3	18Khu01,20Khu03,25Khu08
virūḷhe	ḷh	h	e	0	10	3	12Sam01,22Khu05,27khu10
aññeyyo	yy	y	o	1	9	3	13Sam02,16An02,17An03
pagāḷho	ḷh	h	o	0	9	3	18Khu01,19Khu02,24Khu07
sāṭheyyena	yy	y	e	1	9	3	15An01,24Khu07,25Khu08
bhiyyobhāvo	yy	y	o	1	8	3	16An02,18Khu01,30Abhi02
byamhe	mh	h	e	0	8	3	20Khu03,21Khu04,23Khu06
uṇhenapi	ṇh	h	e	0	8	3	03Vin03,04Vin04,13Sam02
anaññaneyyo	yy	y	o	1	7	3	18Khu01,20Khu03,25Khu08
asaṅkheyyo	yy	y	o	1	7	3	15An01,16An02,27khu10
chasvevābhijātīsu	sv	v	e	0	7	3	06Di01,10Ma02,13Sam02
cittaklesehi	kl	l	e	0	7	3	14Sam03,17An03,18Khu01
hatthanillehakaṃ	ll	l	e	1	7	3	02Vin02,04Vin04,05Vin05
kopaneyye	yy	y	e	1	7	3	18Khu01,22Khu05,27khu10
kullo	ll	l	o	1	7	3	09Ma01,19Khu02,25Khu08
nigrodhakappo	gr	r	o	0	7	3	12Sam01,18Khu01,19Khu02
nigrodhā	gr	r	o	0	7	3	20Khu03,22Khu05,23Khu06
oṭṭhanillehakaṃ	ll	l	e	1	7	3	02Vin02,04Vin04,05Vin05
pattanillehakaṃ	ll	l	e	1	7	3	02Vin02,04Vin04,05Vin05
sakyesu	ky	y	e	0	7	3	06Di01,13Sam02,14Sam03
uggaṇheyya	ṇh	h	e	0	7	3	01Vin01,02Vin02,24Khu07
allena	ll	l	e	1	6	3	04Vin04,07Di02,17An03
ghānaviññeyyehi	yy	y	e	1	6	3	09Ma01,10Ma02,17An03
gūḷho	ḷh	h	o	0	6	3	24Khu07,25Khu08,26Khu09
jivhāviññeyyehi	yy	y	e	1	6	3	09Ma01,10Ma02,17An03
kāyaviññeyyehi	yy	y	e	1	6	3	09Ma01,10Ma02,17An03
maṇḍabyo	by	y	o	0	6	3	21Khu04,22Khu05,28Khu11
sotaviññeyyehi	yy	y	e	1	6	3	09Ma01,10Ma02,17An03
taṇhāsalle	ll	l	e	1	6	3	19Khu02,24Khu07,25Khu08
gaṇhe	ṇh	h	e	0	5	3	19Khu02,22Khu05,23Khu06
niggaṇheyya	ṇh	h	e	0	5	3	09Ma01,13Sam02,17An03
purisadhorayho	yh	h	o	0	5	3	24Khu07,25Khu08,26Khu09
sakye	ky	y	e	0	5	3	10Ma02,13Sam02,18Khu01
tumhesu	mh	h	e	0	5	3	09Ma01,22Khu05,23Khu06
udakakkhandhotveva	tv	v	e	0	5	3	14Sam03,15An01,16An02
vākyena	ky	y	e	0	5	3	21Khu04,22Khu05,23Khu06
bahvettha	hv	v	e	0	4	3	18Khu01,22Khu05,27khu10
kappayavho	vh	h	o	0	4	3	17An03,18Khu01,28Khu11
kosohitavatthaguyho	yh	h	o	0	4	3	07Di02,08Di03,10Ma02
pahūtajivho	vh	h	o	0	4	3	07Di02,08Di03,10Ma02
pariyogāḷhena	ḷh	h	e	0	4	3	12Sam01,13Sam02,30Abhi02
samanvesaṃ	nv	v	e	0	4	3	12Sam01,19Khu02,20Khu03
theyyena	yy	y	e	1	4	3	01Vin01,12Sam01,15An01
ubbāḷho	ḷh	h	o	0	4	3	01Vin01,02Vin02,03Vin03
ulloketvā	ll	l	o	1	4	3	04Vin04,10Ma02,13Sam02
uṇho	ṇh	h	o	0	4	3	15An01,22Khu05,23Khu06
ajjhogāḷho	ḷh	h	o	0	3	3	16An02,20Khu03,24Khu07
dvesatāni	dv	v	e	0	3	3	05Vin05,20Khu03,21Khu04
dveḷhakajātā	dv	v	e	0	3	3	08Di03,11Ma03,24Khu07
karaṇḍātveva	tv	v	e	0	3	3	06Di01,10Ma02,26Khu09
kosiyātveva	tv	v	e	0	3	3	06Di01,10Ma02,26Khu09
mohaneyyesu	yy	y	e	1	3	3	15An01,18Khu01,22Khu05
muñjamhātveva	tv	v	e	0	3	3	06Di01,10Ma02,26Khu09
nigrodhasseva	gr	r	o	0	3	3	12Sam01,18Khu01,27khu10
nāmadheyyena	yy	y	e	1	3	3	20Khu03,21Khu04,23Khu06
samupabbūḷho	ḷh	h	o	0	3	3	13Sam02,17An03,20Khu03
samūpabbūḷho	ḷh	h	o	0	3	3	07Di02,09Ma01,12Sam01
subhantveva	ntv	v	e	0	3	3	08Di03,11Ma03,16An02
sallekho	ll	l	e	1	56	2	09Ma01,26Khu09
dvenavute	dv	v	e	0	50	2	20Khu03,21Khu04
sīlesvevassa	sv	v	e	0	27	2	09Ma01,17An03
ārūḷhe	ḷh	h	e	0	18	2	20Khu03,23Khu06
aparimeyye	yy	y	e	1	17	2	20Khu03,21Khu04
khvesa	khv	v	e	0	16	2	01Vin01,17An03
nupasaṅkheyyo	yy	y	o	1	14	2	18Khu01,24Khu07
vuttañhetaṃ	ñh	h	e	0	13	2	24Khu07,25Khu08
abbūḷhasallosmi	ll	l	o	1	12	2	19Khu02,22Khu05
sallekhaṃyeva	ll	l	e	1	12	2	16An02,31Abhi03
abbūḷhasallo	ll	l	o	1	11	2	18Khu01,24Khu07
ehāyye	yy	y	e	1	11	2	02Vin02,05Vin05
jivhāviññeyyesu	yy	y	e	1	11	2	11Ma03,13Sam02
mūḷhena	ḷh	h	e	0	11	2	04Vin04,11Ma03
nīceyyo	yy	y	o	1	11	2	18Khu01,24Khu07
atthitveva	tv	v	e	0	10	2	06Di01,08Di03
paggaṇheyya	ṇh	h	e	0	10	2	01Vin01,02Vin02
samanvesati	nv	v	e	0	10	2	12Sam01,13Sam02
samaṇotveva	tv	v	e	0	10	2	06Di01,10Ma02
sotaviññeyyo	yy	y	o	1	10	2	11Ma03,32Abhi04
ullokā	ll	l	o	1	10	2	03Vin03,04Vin04
gāḷho	ḷh	h	o	0	9	2	15An01,20Khu03
tadadhipateyyo	yy	y	o	1	9	2	25Khu08,26Khu09
ajapālanigrodhamūle	gr	r	o	0	8	2	03Vin03,12Sam01
dhammakathikotveva	tv	v	e	0	8	2	15An01,31Abhi03
duppameyyo	yy	y	o	1	8	2	15An01,31Abhi03
dvedhikajātā	dv	v	e	0	8	2	08Di03,11Ma03
gaccheyyeva	yy	y	e	1	8	2	18Khu01,25Khu08
maccudheyye	yy	y	e	1	8	2	18Khu01,25Khu08
paṇhe	ṇh	h	e	0	8	2	21Khu04,22Khu05
saṇhehi	ṇh	h	e	0	8	2	03Vin03,24Khu07
advejjhaṃ	dv	v	e	0	7	2	20Khu03,22Khu05
ahuvamheva	mh	h	e	0	7	2	09Ma01,11Ma03
akaramheva	mh	h	e	0	7	2	09Ma01,11Ma03
dveḷhakapucchā	dv	v	e	0	7	2	24Khu07,25Khu08
gaṇheyyaṃ	ṇh	h	e	0	7	2	16An02,17An03
kammadheyyesu	yy	y	e	1	7	2	17An03,23Khu06
rāgasallena	ll	l	e	1	7	2	24Khu07,27khu10
sokasallena	ll	l	e	1	7	2	16An02,24Khu07
suppameyyo	yy	y	o	1	7	2	15An01,31Abhi03
tadadhipateyyoti	yy	y	o	1	7	2	24Khu07,25Khu08
duppariyogāḷho	ḷh	h	o	0	6	2	10Ma02,25Khu08
manoviññeyyo	yy	y	o	1	6	2	07Di02,11Ma03
neyyoti	yy	y	o	1	6	2	24Khu07,27khu10
niggaṇhe	ṇh	h	e	0	6	2	23Khu06,28Khu11
panamhehi	mh	h	e	0	6	2	06Di01,10Ma02
paridevaneyye	yy	y	e	1	6	2	18Khu01,24Khu07
passathayye	yy	y	e	1	6	2	03Vin03,09Ma01
paṭiggaṇheyyāti	ṇh	h	e	0	6	2	02Vin02,32Abhi04
pesuṇeyye	yy	y	e	1	6	2	18Khu01,24Khu07
sabbaphāliphullo	ll	l	o	1	6	2	16An02,27khu10
salle	ll	l	e	1	6	2	24Khu07,27khu10
vepullo	ll	l	o	1	6	2	12Sam01,18Khu01
advejjhavacanaṃ	dv	v	e	0	5	2	24Khu07,25Khu08
adveḷhakavacanaṃ	dv	v	e	0	5	2	24Khu07,25Khu08
asubhantveva	ntv	v	e	0	5	2	08Di03,16An02
bhiyyokamyatā	yy	y	o	1	5	2	29Abhi01,30Abhi02
diṭṭhisallena	ll	l	e	1	5	2	24Khu07,27khu10
ghānaviññeyyesu	yy	y	e	1	5	2	11Ma03,13Sam02
jimheyyāni	mh	h	e	0	5	2	10Ma02,17An03
kāyaviññeyyesu	yy	y	e	1	5	2	11Ma03,13Sam02
mallehi	ll	l	e	1	5	2	07Di02,14Sam03
mīḷhena	ḷh	h	e	0	5	2	16An02,22Khu05
nigrodhameva	gr	r	o	0	5	2	21Khu04,22Khu05
nāyyo	yy	y	o	1	5	2	01Vin01,02Vin02
osadhyo	dhy	y	o	0	5	2	22Khu05,23Khu06
paṭiggaṇheyyuṃ	ṇh	h	e	0	5	2	03Vin03,16An02
puthusallena	ll	l	e	1	5	2	22Khu05,23Khu06
sallekhatā	ll	l	e	1	5	2	05Vin05,08Di03
sallekhaññeva	ll	l	e	1	5	2	05Vin05,24Khu07
sotaviññeyyesu	yy	y	e	1	5	2	11Ma03,13Sam02
sukhamanveti	nv	v	e	0	5	2	18Khu01,27khu10
uṇhodakena	ṇh	h	o	0	5	2	01Vin01,12Sam01
vihārotveva	tv	v	e	0	5	2	09Ma01,10Ma02
vītasallo	ll	l	o	1	5	2	12Sam01,13Sam02
abhiniggaṇheyya	ṇh	h	e	0	4	2	09Ma01,10Ma02
ajapālanigrodho	gr	r	o	0	4	2	03Vin03,15An01
anuggaṇheyyan	ṇh	h	e	0	4	2	24Khu07,25Khu08
appameyye	yy	y	e	1	4	2	19Khu02,23Khu06
avañjhānitvevāhaṃ	tv	v	e	0	4	2	14Sam03,15An01
avirūḷhe	ḷh	h	e	0	4	2	12Sam01,27khu10
ayyenamhi	yy	y	e	1	4	2	01Vin01,04Vin04
dosasallena	ll	l	e	1	4	2	24Khu07,27khu10
dussīlyena	ly	y	e	0	4	2	14Sam03,19Khu02
dveḷhakajāto	dv	v	e	0	4	2	24Khu07,25Khu08
jarāmaraṇamanventi	nv	v	e	0	4	2	18Khu01,27khu10
mahānigrodho	gr	r	o	0	4	2	04Vin04,16An02
miyyetha	yy	y	e	1	4	2	07Di02,22Khu05
mohasallena	ll	l	e	1	4	2	24Khu07,27khu10
māgaṇḍiyapañhe	ñh	h	e	0	4	2	13Sam02,24Khu07
mānasallena	ll	l	e	1	4	2	24Khu07,27khu10
mūḷhosi	ḷh	h	o	0	4	2	01Vin01,24Khu07
nigrodharājaṃ	gr	r	o	0	4	2	16An02,22Khu05
nittaṇho	ṇh	h	o	0	4	2	25Khu08,27khu10
paribyūḷho	ḷh	h	o	0	4	2	20Khu03,23Khu06
pariññeyye	yy	y	e	1	4	2	13Sam02,28Khu11
pañheti	ñh	h	e	0	4	2	25Khu08,27khu10
paṭiggaṇheyyāsi	ṇh	h	e	0	4	2	04Vin04,17An03
samupabyūḷhe	ḷh	h	e	0	4	2	12Sam01,13Sam02
tuyhettha	yh	h	e	0	4	2	07Di02,15An01
ulloketabbaṃ	ll	l	o	1	4	2	04Vin04,28Khu11
veneyye	yy	y	e	1	4	2	20Khu03,21Khu04
vidheyyo	yy	y	o	1	4	2	08Di03,23Khu06
yathāmūḷhe	ḷh	h	e	0	4	2	03Vin03,12Sam01
āgāḷhenapi	ḷh	h	e	0	4	2	15An01,31Abhi03
abhiniggaṇheyyaṃ	ṇh	h	e	0	3	2	09Ma01,10Ma02
abhiruḷhe	ḷh	h	e	0	3	2	02Vin02,05Vin05
abyositattā	by	y	o	0	3	2	10Ma02,19Khu02
adeyyo	yy	y	o	1	3	2	04Vin04,20Khu03
advejjhavacanā	dv	v	e	0	3	2	21Khu04,28Khu11
alabbhaneyyo	yy	y	o	1	3	2	16An02,22Khu05
anvesanto	nv	v	e	0	3	2	07Di02,21Khu04
apeyyo	yy	y	o	1	3	2	22Khu05,23Khu06
atulyo	ly	y	o	0	3	2	18Khu01,22Khu05
ayyehi	yy	y	e	1	3	2	02Vin02,04Vin04
bhadre	dr	r	e	0	3	2	15An01,19Khu02
bālamanveti	nv	v	e	0	3	2	18Khu01,27khu10
cattataṇho	ṇh	h	o	0	3	2	24Khu07,25Khu08
cikkhallo	ll	l	o	1	3	2	02Vin02,04Vin04
dvecattālīsa	dv	v	e	0	3	2	05Vin05,20Khu03
dvedhāpathaṃ	dv	v	e	0	3	2	13Sam02,18Khu01
itveva	tv	v	e	0	3	2	10Ma02,15An01
kākapeyyo	yy	y	o	1	3	2	11Ma03,16An02
mantavho	vh	h	o	0	3	2	06Di01,22Khu05
manveti	nv	v	e	0	3	2	19Khu02,22Khu05
metteyyoti	yy	y	o	1	3	2	24Khu07,25Khu08
milindapañho	ñh	h	o	0	3	2	20Khu03,28Khu11
moneyyehi	yy	y	e	1	3	2	24Khu07,25Khu08
muttataṇho	ṇh	h	o	0	3	2	24Khu07,25Khu08
nigrodhasmiṃ	gr	r	o	0	3	2	21Khu04,22Khu05
ogāḷho	ḷh	h	o	0	3	2	19Khu02,24Khu07
pahīnataṇho	ṇh	h	o	0	3	2	24Khu07,25Khu08
pavāḷho	ḷh	h	o	0	3	2	06Di01,26Khu09
paṭinissaṭṭhataṇho	ṇh	h	o	0	3	2	24Khu07,25Khu08
ratyo	ty	y	o	0	3	2	19Khu02,23Khu06
sataṇho	ṇh	h	o	0	3	2	24Khu07,25Khu08
sattannaṃtveva	tv	v	e	0	3	2	10Ma02,13Sam02
saṇhenāyasmā	ṇh	h	e	0	3	2	04Vin04,16An02
seyyohamasmīti	yy	y	o	1	3	2	08Di03,19Khu02
suddhadvebhāgā	dv	v	e	0	3	2	01Vin01,05Vin05
svedāni	sv	v	e	0	3	2	04Vin04,06Di01
svepi	sv	v	e	0	3	2	06Di01,11Ma03
tuyheso	yh	h	e	0	3	2	04Vin04,18Khu01
uyyojessatī	yy	y	o	1	3	2	01Vin01,02Vin02
vantataṇho	ṇh	h	o	0	3	2	24Khu07,25Khu08
vedeyyo	yy	y	o	1	3	2	09Ma01,30Abhi02
vigatacāpallo	ll	l	o	1	3	2	06Di01,10Ma02
vihārotveveso	tv	v	e	0	3	2	09Ma01,10Ma02
virūḷho	ḷh	h	o	0	3	2	07Di02,08Di03
abbuḷhesiko	ḷh	h	e	0	2	2	24Khu07,25Khu08
ajeyyo	yy	y	o	1	2	2	16An02,18Khu01
amatteyyo	yy	y	o	1	2	2	11Ma03,15An01
anvesi	nv	v	e	0	2	2	23Khu06,28Khu11
apetteyyo	yy	y	o	1	2	2	11Ma03,15An01
appameyyosi	yy	y	o	1	2	2	20Khu03,21Khu04
asayho	yh	h	o	0	2	2	11Ma03,19Khu02
asaṅkhyeyo	ṅkhy	y	e	0	2	2	27khu10,28Khu11
avheti	vh	h	e	0	2	2	19Khu02,22Khu05
bhiyyosuttaraṃ	yy	y	o	1	2	2	07Di02,12Sam01
byādhippabāḷho	ḷh	h	o	0	2	2	07Di02,18Khu01
dakkhiṇeyyesu	yy	y	e	1	2	2	15An01,18Khu01
dassaneyyo	yy	y	o	1	2	2	19Khu02,23Khu06
dhanamanveti	nv	v	e	0	2	2	10Ma02,19Khu02
dvepaññāsamo	dv	v	e	0	2	2	21Khu04,26Khu09
dvijivho	vh	h	o	0	2	2	21Khu04,24Khu07
gaṇheyyuṃ	ṇh	h	e	0	2	2	22Khu05,28Khu11
gomayaggitveva	tv	v	e	0	2	2	09Ma01,10Ma02
hiyyova	yy	y	o	1	2	2	01Vin01,04Vin04
kathābāhulle	ll	l	e	1	2	2	16An02,24Khu07
kaṭṭhaggitveva	tv	v	e	0	2	2	09Ma01,10Ma02
kvettha	kv	v	e	0	2	2	17An03,22Khu05
manopañhe	ñh	h	e	0	2	2	18Khu01,25Khu08
manussesvetaṃ	sv	v	e	0	2	2	10Ma02,18Khu01
mittāmaccaparibyūḷho	ḷh	h	o	0	2	2	22Khu05,23Khu06
mūḷhoti	ḷh	h	o	0	2	2	24Khu07,27khu10
natvevāhaṃ	tv	v	e	0	2	2	13Sam02,22Khu05
nigrodhassa	gr	r	o	0	2	2	04Vin04,07Di02
nigrodhārāmo	gr	r	o	0	2	2	09Ma01,13Sam02
oligalle	ll	l	e	1	2	2	11Ma03,15An01
paggaṇheyyuṃ	ṇh	h	e	0	2	2	01Vin01,02Vin02
paribbūḷho	ḷh	h	o	0	2	2	20Khu03,23Khu06
passavho	vh	h	o	0	2	2	18Khu01,25Khu08
pucchavho	vh	h	o	0	2	2	18Khu01,25Khu08
pārāyaṇaṃtveva	tv	v	e	0	2	2	18Khu01,25Khu08
sakalikaggitveva	tv	v	e	0	2	2	09Ma01,10Ma02
sallekhavuttino	ll	l	e	1	2	2	01Vin01,04Vin04
suphullo	ll	l	o	1	2	2	20Khu03,21Khu04
tatrekassa	tr	r	e	0	2	2	09Ma01,10Ma02
taṇhādhipateyyena	yy	y	e	1	2	2	11Ma03,13Sam02
tiṇaggitveva	tv	v	e	0	2	2	09Ma01,10Ma02
uggaṇhe	ṇh	h	e	0	2	2	01Vin01,05Vin05
uggaṇheyyāti	ṇh	h	e	0	2	2	01Vin01,02Vin02
ullokento	ll	l	o	1	2	2	20Khu03,24Khu07
uyyojanikapaṭisaṃyuttaṃyeva	yy	y	o	1	2	2	11Ma03,17An03
uyyojitā	yy	y	o	1	2	2	04Vin04,20Khu03
yaggheyye	yy	y	e	1	2	2	01Vin01,10Ma02
āmāyye	yy	y	e	1	2	2	01Vin01,02Vin02
ārambhavho	vh	h	o	0	2	2	07Di02,08Di03
dvemāsappaṭicchannānaṃ	dv	v	e	0	94	1	04Vin04
dvemāsaparivāsaṃ	dv	v	e	0	92	1	04Vin04
kallosi	ll	l	o	1	82	1	28Khu11
dvemāsappaṭicchannāyo	dv	v	e	0	71	1	04Vin04
dvemāsappaṭicchannāya	dv	v	e	0	69	1	04Vin04
panāyye	yy	y	e	1	26	1	09Ma01
ādhipateyyo	yy	y	o	1	21	1	26Khu09
kallo	ll	l	o	1	19	1	12Sam01
māyye	yy	y	e	1	14	1	02Vin02
pallomamāpādiṃ	ll	l	o	1	14	1	09Ma01
viviccathāyye	yy	y	e	1	14	1	02Vin02
subhakiṇhe	ṇh	h	e	0	13	1	09Ma01
asaṅkhyeyyehi	ṅkhy	y	e	0	12	1	28Khu11
asallekho	ll	l	e	1	9	1	26Khu09
atthitvevassa	tv	v	e	0	9	1	11Ma03
mayhevekassa	yh	h	e	0	9	1	16An02
niyyetha	yy	y	e	1	9	1	24Khu07
aṅgantveva	ntv	v	e	0	8	1	16An02
dvevācikaṃ	dv	v	e	0	8	1	03Vin03
gāḷhena	ḷh	h	e	0	8	1	15An01
kālaṅkatotveva	tv	v	e	0	8	1	11Ma03
sallekhena	ll	l	e	1	8	1	09Ma01
ullokayataṃ	ll	l	o	1	8	1	12Sam01
bhinnājīvotveva	tv	v	e	0	7	1	28Khu11
bodhaneyye	yy	y	e	1	7	1	28Khu11
dibyo	by	y	o	0	7	1	23Khu06
dvepañcaviññāṇāni	dv	v	e	0	7	1	29Abhi01
dvete	dv	v	e	0	7	1	14Sam03
keyyo	yy	y	o	1	7	1	23Khu06
ullokeyyātha	ll	l	o	1	7	1	12Sam01
anusetvevassa	tv	v	e	0	6	1	10Ma02
attapaṭilābhotveva	tv	v	e	0	6	1	06Di01
aṅgaṃtveva	tv	v	e	0	6	1	16An02
dosasallo	ll	l	o	1	6	1	27khu10
dvecattālīsaṃ	dv	v	e	0	6	1	07Di02
mohasallo	ll	l	o	1	6	1	27khu10
nigrodharājassa	gr	r	o	0	6	1	16An02
nissaraṇañhetaṃ	ñh	h	e	0	6	1	08Di03
rāgasallo	ll	l	o	1	6	1	27khu10
sallo	ll	l	o	1	6	1	27khu10
vūḷho	ḷh	h	o	0	6	1	03Vin03
caṇḍotveva	tv	v	e	0	5	1	13Sam02
dvetisso	dv	v	e	0	5	1	02Vin02
mukhullokako	ll	l	o	1	5	1	06Di01
mānasallo	ll	l	o	1	5	1	27khu10
natthayye	yy	y	e	1	5	1	03Vin03
nigrodharājā	gr	r	o	0	5	1	16An02
sallekhasutta	ll	l	e	1	5	1	09Ma01
sammuyheyyāti	yh	h	e	0	5	1	28Khu11
soratotveva	tv	v	e	0	5	1	13Sam02
ullokenti	ll	l	o	1	5	1	14Sam03
visallena	ll	l	e	1	5	1	12Sam01
ajitapañhe	ñh	h	e	0	4	1	12Sam01
allehi	ll	l	e	1	4	1	04Vin04
amheva	mh	h	e	0	4	1	06Di01
apātheyyena	yy	y	e	1	4	1	03Vin03
apāyye	yy	y	e	1	4	1	02Vin02
asaṅkhyeyye	ṅkhy	y	e	0	4	1	28Khu11
bāhiteyyo	yy	y	o	1	4	1	09Ma01
dakkhiṇeyyomhi	yy	y	o	1	4	1	19Khu02
diṭṭhādhipateyyo	yy	y	o	1	4	1	24Khu07
dvedhāvitakkasutta	dv	v	e	0	4	1	09Ma01
dvejjhā	dv	v	e	0	4	1	24Khu07
dāsyo	sy	y	o	0	4	1	22Khu05
eḷeyyo	yy	y	o	1	4	1	15An01
ghānaviññeyyo	yy	y	o	1	4	1	11Ma03
handāyye	yy	y	e	1	4	1	02Vin02
jivhāviññeyyo	yy	y	o	1	4	1	11Ma03
khvayye	yy	y	e	1	4	1	09Ma01
kāyaviññeyyo	yy	y	o	1	4	1	11Ma03
lokacitresu	tr	r	e	0	4	1	16An02
loṇakapallena	ll	l	e	1	4	1	15An01
mayhete	yh	h	e	0	4	1	28Khu11
moggallo	ll	l	o	1	4	1	15An01
moḷigalle	ll	l	e	1	4	1	03Vin03
nigrodharāje	gr	r	o	0	4	1	16An02
niyyethāti	yy	y	e	1	4	1	24Khu07
pagāḷhoti	ḷh	h	o	0	4	1	24Khu07
panayye	yy	y	e	1	4	1	13Sam02
paridevayavho	vh	h	o	0	4	1	22Khu05
sagāmeyyo	yy	y	o	1	4	1	12Sam01
sallehi	ll	l	e	1	4	1	27khu10
sallekhaṭṭhe	ll	l	e	1	4	1	26Khu09
samādhādhipateyyo	yy	y	o	1	4	1	15An01
saṅkhyeyyapariveṇe	ṅkhy	y	e	0	4	1	28Khu11
sukhamanvetīti	nv	v	e	0	4	1	27khu10
svevāyaṃ	sv	v	e	0	4	1	32Abhi04
sīlādhipateyyo	yy	y	o	1	4	1	15An01
udakacikkhalle	ll	l	e	1	4	1	03Vin03
uttarakuruvho	vh	h	o	0	4	1	08Di03
vajjimallesu	ll	l	e	1	4	1	07Di02
vasamanventi	nv	v	e	0	4	1	21Khu04
yyo	yy	y	o	1	4	1	23Khu06
abhiramāyye	yy	y	e	1	3	1	02Vin02
acinteyyo	yy	y	o	1	3	1	15An01
amhehete	mh	h	e	0	3	1	08Di03
anuggaṇheyya	ṇh	h	e	0	3	1	02Vin02
asāṭheyyena	yy	y	e	1	3	1	15An01
athakhvetaṃ	khv	v	e	0	3	1	01Vin01
aṭṭhillena	ll	l	e	1	3	1	04Vin04
bhadropi	dr	r	o	0	3	1	18Khu01
bhikkhusaṃghaparibyūḷho	ḷh	h	o	0	3	1	20Khu03
cūḷaneyyo	yy	y	o	1	3	1	23Khu06
dhammānaṃtveva	tv	v	e	0	3	1	11Ma03
duggaṇho	ṇh	h	o	0	3	1	23Khu06
dvekhandhe	dv	v	e	0	3	1	39Abhi11
dveko	dv	v	e	0	3	1	03Vin03
dverataniyo	dv	v	e	0	3	1	20Khu03
dvevassaṃ	dv	v	e	0	3	1	05Vin05
dvevācikā	dv	v	e	0	3	1	03Vin03
dvevācikāya	dv	v	e	0	3	1	03Vin03
dvāramūḷhohaṃ	ḷh	h	o	0	3	1	21Khu04
ekapañheneva	ñh	h	e	0	3	1	08Di03
gahanañhetaṃ	ñh	h	e	0	3	1	10Ma02
gandhānaṃtveva	tv	v	e	0	3	1	11Ma03
gayheyyāma	yh	h	e	0	3	1	03Vin03
hatthārūḷhe	ḷh	h	e	0	3	1	10Ma02
hiyyoti	yy	y	o	1	3	1	22Khu05
kaṇhehi	ṇh	h	e	0	3	1	26Khu09
kulle	ll	l	e	1	3	1	09Ma01
manvesaṃ	nv	v	e	0	3	1	23Khu06
modathavho	vh	h	o	0	3	1	22Khu05
mukhullokikāti	ll	l	o	1	3	1	24Khu07
nigrodhakappena	gr	r	o	0	3	1	12Sam01
nillekhaṃ	ll	l	e	1	3	1	04Vin04
nillokanasīlā	ll	l	o	1	3	1	23Khu06
nāmhe	mh	h	e	0	3	1	04Vin04
pallomo	ll	l	o	1	3	1	06Di01
paridevaneyyeti	yy	y	e	1	3	1	24Khu07
paṭisallekhitā	ll	l	e	1	3	1	16An02
petteyyopi	yy	y	o	1	3	1	16An02
phoṭṭhabbānaṃtveva	tv	v	e	0	3	1	11Ma03
purisanāvutyo	ty	y	o	0	3	1	23Khu06
pālileyyo	yy	y	o	1	3	1	22Khu05
rasānaṃtveva	tv	v	e	0	3	1	11Ma03
ruḷho	ḷh	h	o	0	3	1	03Vin03
rūpānaṃtveva	tv	v	e	0	3	1	11Ma03
saddhādhipateyyo	yy	y	o	1	3	1	25Khu08
samanvesato	nv	v	e	0	3	1	13Sam02
saṃklesamattano	kl	l	e	0	3	1	23Khu06
seyyotha	yy	y	o	1	3	1	22Khu05
sototveva	tv	v	e	0	3	1	14Sam03
sotānitveva	tv	v	e	0	3	1	14Sam03
taṇhādhipateyyo	yy	y	o	1	3	1	24Khu07
tvevassa	tv	v	e	0	3	1	08Di03
uttānakañhetaṃ	ñh	h	e	0	3	1	10Ma02
uyyojentiyā	yy	y	o	1	3	1	05Vin05
uyyojentī	yy	y	o	1	3	1	05Vin05
uyyojeyya	yy	y	o	1	3	1	02Vin02
uyyokhajja	yy	y	o	1	3	1	05Vin05
viviccāyye	yy	y	e	1	3	1	02Vin02
ābhisallekhikā	ll	l	e	1	3	1	16An02
ālasye	sy	y	e	0	3	1	16An02
adeyyesu	yy	y	e	1	2	1	22Khu05
akallo	ll	l	o	1	2	1	19Khu02
amhehipi	mh	h	e	0	2	1	12Sam01
amhehī	mh	h	e	0	2	1	17An03
amittavasamanveti	nv	v	e	0	2	1	22Khu05
anaññaneyyoti	yy	y	o	1	2	1	25Khu08
anventu	nv	v	e	0	2	1	23Khu06
anvesamāno	nv	v	e	0	2	1	23Khu06
anvesamānā	nv	v	e	0	2	1	23Khu06
anvesatī	nv	v	e	0	2	1	22Khu05
apaneyyeso	yy	y	e	1	2	1	17An03
apaneyyo	yy	y	o	1	2	1	17An03
aparimeyyo	yy	y	o	1	2	1	28Khu11
apassenullokakaṇṇā	ll	l	o	1	2	1	04Vin04
appamādavihārītveva	tv	v	e	0	2	1	14Sam03
apparimeyye	yy	y	e	1	2	1	20Khu03
appasayho	yh	h	o	0	2	1	20Khu03
apāyyo	yy	y	o	1	2	1	02Vin02
asaṅkheyyesu	yy	y	e	1	2	1	19Khu02
asaṅkhyeyya	ṅkhy	y	e	0	2	1	28Khu11
asaṅkhyeyyena	ṅkhy	y	e	0	2	1	28Khu11
asaṅkhyeyyenapi	ṅkhy	y	e	0	2	1	28Khu11
asaṅkhyeyyāni	ṅkhy	y	e	0	2	1	15An01
aseyyo	yy	y	o	1	2	1	19Khu02
atikaṇhosi	ṇh	h	o	0	2	1	02Vin02
aḍḍhateyyehi	yy	y	e	1	2	1	03Vin03
aḷārapamhehi	mh	h	e	0	2	1	23Khu06
aṅkusagayhe	yh	h	e	0	2	1	10Ma02
bavhodake	vh	h	o	0	2	1	19Khu02
bhayamanveti	nv	v	e	0	2	1	22Khu05
bhikkhutveva	tv	v	e	0	2	1	16An02
bhogaparibyūḷho	ḷh	h	o	0	2	1	16An02
brāhmaṇotveva	tv	v	e	0	2	1	10Ma02
buddhasabbaññubhāvapañho	ñh	h	o	0	2	1	28Khu11
cakkasamāruḷhesu	ḷh	h	e	0	2	1	15An01
cakkhuviññāṇaṃtveva	tv	v	e	0	2	1	09Ma01
candotveva	tv	v	e	0	2	1	11Ma03
corotveva	tv	v	e	0	2	1	10Ma02
dakkheyye	yy	y	e	1	2	1	22Khu05
dakkhiṇeyyebhi	yy	y	e	1	2	1	18Khu01
dakkhiṇeyyosi	yy	y	o	1	2	1	19Khu02
dethāyye	yy	y	e	1	2	1	02Vin02
deyyesu	yy	y	e	1	2	1	22Khu05
dhoneyyehi	yy	y	e	1	2	1	24Khu07
dhāruṇhena	ṇh	h	e	0	2	1	03Vin03
duppasayho	yh	h	o	0	2	1	22Khu05
duyyodhano	yy	y	o	1	2	1	23Khu06
duṭṭhullo	ll	l	o	1	2	1	24Khu07
dvebhikkhuvāra	dv	v	e	0	2	1	04Vin04
dvecattārīsa	dv	v	e	0	2	1	32Abhi04
dvecattārīsanissaggiyānaṃ	dv	v	e	0	2	1	05Vin05
dvecaturaṅgagāminaṃ	dv	v	e	0	2	1	19Khu02
dvemāsappaṭicchannāyadvemāsaparivāsaṃ	dv	v	e	0	2	1	04Vin04
dvemāsiko	dv	v	e	0	2	1	19Khu02
dvepabbajitavatthu	dv	v	e	0	2	1	06Di01
dvepaññāsamaṃ	dv	v	e	0	2	1	13Sam02
dvepaṇṇāsa	dv	v	e	0	2	1	03Vin03
dvepuggalā	dv	v	e	0	2	1	31Abhi03
dvesattatimhito	dv	v	e	0	2	1	20Khu03
dvetayo	dv	v	e	0	2	1	02Vin02
dvevassasahassāyukā	dv	v	e	0	2	1	08Di03
dvevācikādipavāraṇā	dv	v	e	0	2	1	03Vin03
dvevīsati	dv	v	e	0	2	1	05Vin05
ethāyye	yy	y	e	1	2	1	02Vin02
gayheyya	yh	h	e	0	2	1	12Sam01
gaṅgeyyo	yy	y	o	1	2	1	22Khu05
gaṇheyyapi	ṇh	h	e	0	2	1	15An01
gaṇheyyāma	ṇh	h	e	0	2	1	03Vin03
ghānaviññāṇaṃtveva	tv	v	e	0	2	1	09Ma01
gimheti	mh	h	e	0	2	1	28Khu11
gomaṇḍalaparibyūḷho	ḷh	h	o	0	2	1	23Khu06
guyho	yh	h	o	0	2	1	22Khu05
guḷotveva	tv	v	e	0	2	1	03Vin03
hiyyetha	yy	y	e	1	2	1	22Khu05
jighacchādubbalyena	ly	y	e	0	2	1	09Ma01
jivhāviññāṇaṃtveva	tv	v	e	0	2	1	09Ma01
jiyyetha	yy	y	e	1	2	1	07Di02
kathaṃkathāsallena	ll	l	e	1	2	1	24Khu07
khattiyotveva	tv	v	e	0	2	1	10Ma02
khīṇantveva	ntv	v	e	0	2	1	13Sam02
kimhe	mh	h	e	0	2	1	23Khu06
klesehi	kl	l	e	0	2	1	19Khu02
kumāripañhesu	ñh	h	e	0	2	1	17An03
kāyaviññāṇaṃtveva	tv	v	e	0	2	1	09Ma01
labbhamamhehi	mh	h	e	0	2	1	19Khu02
manoviññeyyehi	yy	y	e	1	2	1	13Sam02
manoviññāṇaṃtveva	tv	v	e	0	2	1	09Ma01
mantayavho	vh	h	o	0	2	1	22Khu05
manussasāṭheyye	yy	y	e	1	2	1	10Ma02
maraṇadheyye	yy	y	e	1	2	1	25Khu08
mayheso	yh	h	e	0	2	1	02Vin02
metteyyapañhe	ñh	h	e	0	2	1	16An02
milindarājapañho	ñh	h	o	0	2	1	28Khu11
mohamūḷho	ḷh	h	o	0	2	1	23Khu06
mālukyo	ky	y	o	0	2	1	19Khu02
māradheyye	yy	y	e	1	2	1	25Khu08
natthāyye	yy	y	e	1	2	1	02Vin02
nigrodhaṃva	gr	r	o	0	2	1	23Khu06
nigrodhena	gr	r	o	0	2	1	08Di03
nigrodhoti	gr	r	o	0	2	1	21Khu04
nigrodhārāmaṃ	gr	r	o	0	2	1	11Ma03
niklesaṭṭho	kl	l	e	0	2	1	26Khu09
nikleso	kl	l	e	0	2	1	21Khu04
nillokema	ll	l	o	1	2	1	07Di02
nillopaṃpi	ll	l	o	1	2	1	09Ma01
nādeyyesu	yy	y	e	1	2	1	22Khu05
nāgotveva	tv	v	e	0	2	1	16An02
nātikaṇhosi	ṇh	h	o	0	2	1	02Vin02
nātivisaṭṭhavākyo	ky	y	o	0	2	1	23Khu06
nātyo	ty	y	o	0	2	1	19Khu02
nūnamhepi	mh	h	e	0	2	1	23Khu06
opavayho	yh	h	o	0	2	1	20Khu03
osānetveva	tv	v	e	0	2	1	18Khu01
pabāḷho	ḷh	h	o	0	2	1	13Sam02
pagāḷhettha	ḷh	h	e	0	2	1	18Khu01
pahūtajivhosi	vh	h	o	0	2	1	10Ma02
pamādavihārītveva	tv	v	e	0	2	1	14Sam03
pariggaṇheyyuṃ	ṇh	h	e	0	2	1	28Khu11
parisuddhājīvotveva	tv	v	e	0	2	1	28Khu11
pathavītveva	tv	v	e	0	2	1	16An02
pañhoti	ñh	h	o	0	2	1	28Khu11
paṇḍitotye	ty	y	e	0	2	1	23Khu06
paṭiggaṇheyyan	ṇh	h	e	0	2	1	04Vin04
peyyo	yy	y	o	1	2	1	23Khu06
ppameyyo	yy	y	o	1	2	1	19Khu02
puṇṇakapañhe	ñh	h	e	0	2	1	15An01
rohaṇeyyo	yy	y	o	1	2	1	16An02
rūḷhena	ḷh	h	e	0	2	1	11Ma03
saddānaṃtveva	tv	v	e	0	2	1	11Ma03
sakkapañhe	ñh	h	e	0	2	1	13Sam02
sallekhitācāro	ll	l	e	1	2	1	28Khu11
salloti	ll	l	o	1	2	1	27khu10
samanvesitabbā	nv	v	e	0	2	1	27khu10
samanveti	nv	v	e	0	2	1	28Khu11
samarūḷho	ḷh	h	o	0	2	1	09Ma01
sambhavanāmadheyyo	yy	y	o	1	2	1	19Khu02
sammuyheyya	yh	h	e	0	2	1	28Khu11
sasallova	ll	l	o	1	2	1	32Abhi04
saṃvirūḷho	ḷh	h	o	0	2	1	22Khu05
saṅgaṇheyyuṃ	ṇh	h	e	0	2	1	03Vin03
saṅkhyeyyapariveṇasmiṃ	ṅkhy	y	e	0	2	1	28Khu11
saṅkhyeyyapariveṇaṃ	ṅkhy	y	e	0	2	1	28Khu11
saṇhenapi	ṇh	h	e	0	2	1	15An01
soreyye	yy	y	e	1	2	1	04Vin04
sotaviññāṇaṃtveva	tv	v	e	0	2	1	09Ma01
suddhimanvesaṃ	nv	v	e	0	2	1	19Khu02
suddotveva	tv	v	e	0	2	1	10Ma02
sākhalye	ly	y	e	0	2	1	10Ma02
sītuṇhe	ṇh	h	e	0	2	1	04Vin04
tathevādhipateyyena	yy	y	e	1	2	1	21Khu04
tatrekaccehi	tr	r	e	0	2	1	13Sam02
tatreko	tr	r	e	0	2	1	12Sam01
therotveva	tv	v	e	0	2	1	15An01
tikesvekūnavīsati	sv	v	e	0	2	1	31Abhi03
todeyyoti	yy	y	o	1	2	1	25Khu08
tvevaṃ	tv	v	e	0	2	1	23Khu06
tveve	tv	v	e	0	2	1	22Khu05
tvevidaṃ	tv	v	e	0	2	1	18Khu01
ullokaṃ	ll	l	o	1	2	1	04Vin04
ullokentā	ll	l	o	1	2	1	10Ma02
ullokesi	ll	l	o	1	2	1	03Vin03
uyyodhi	yy	y	o	1	2	1	05Vin05
uyyojanapaccayā	yy	y	o	1	2	1	05Vin05
uyyojessatha	yy	y	o	1	2	1	02Vin02
uyyojesunti	yy	y	o	1	2	1	02Vin02
uyyojesuṃ	yy	y	o	1	2	1	02Vin02
uyyojethā	yy	y	o	1	2	1	02Vin02
uyyojeyyāti	yy	y	o	1	2	1	02Vin02
uṇhodakapaṭisevī	ṇh	h	o	0	2	1	10Ma02
vedagūpañho	ñh	h	o	0	2	1	28Khu11
venateyyo	yy	y	o	1	2	1	22Khu05
veneyyo	yy	y	o	1	2	1	27khu10
vessotveva	tv	v	e	0	2	1	10Ma02
vilapatveva	tv	v	e	0	2	1	22Khu05
viyūḷhe	ḷh	h	e	0	2	1	22Khu05
vācapeyyena	yy	y	e	1	2	1	23Khu06
vūḷhodakena	ḷh	h	o	0	2	1	03Vin03
yebhuyyenacchannā	yy	y	e	1	2	1	02Vin02
yyomaṃ	yy	y	o	1	2	1	22Khu05
yāvāyyo	yy	y	o	1	2	1	02Vin02
āpattiyādvemāsappaṭicchannāya	dv	v	e	0	2	1	04Vin04
āsaṅkhyeyyo	ṅkhy	y	e	0	2	1	14Sam03
ūnakadvetisso	dv	v	e	0	2	1	02Vin02
ḍayheyyāti	yh	h	e	0	2	1	28Khu11
abadve	dv	v	e	0	1	1	23Khu06
abbahitasallo	ll	l	o	1	1	1	24Khu07
abbhūṇheyya	ṇh	h	e	0	1	1	11Ma03
abbuyheyya	yh	h	e	0	1	1	11Ma03
abbuḷhasallo	ll	l	o	1	1	1	18Khu01
abbūḷhe	ḷh	h	e	0	1	1	18Khu01
abhejjaparisapañho	ñh	h	o	0	1	1	28Khu11
abhijānantasatipañho	ñh	h	o	0	1	1	28Khu11
abhinipphādanapañho	ñh	h	o	0	1	1	28Khu11
abhisamayantarāyakarapañho	ñh	h	o	0	1	1	28Khu11
abhiyaṃsveva	sv	v	e	0	1	1	12Sam01
abhiññeyye	yy	y	e	1	1	1	28Khu11
abhiññeyyoti	yy	y	o	1	1	1	13Sam02
abhāyanapañho	ñh	h	o	0	1	1	28Khu11
abyākaraṇīyapañho	ñh	h	o	0	1	1	28Khu11
acetanābhāvapañho	ñh	h	o	0	1	1	28Khu11
adakkhiṇeyyo	yy	y	o	1	1	1	22Khu05
addhānamūlapañho	ñh	h	o	0	1	1	28Khu11
addhānapañho	ñh	h	o	0	1	1	28Khu11
adhisallekhatevāyaṃ	ll	l	e	1	1	1	15An01
adhivāsetveva	tv	v	e	0	1	1	18Khu01
advejjhamānaso	dv	v	e	0	1	1	21Khu04
advejjhatā	dv	v	e	0	1	1	22Khu05
advejjhavacanametaṃ	dv	v	e	0	1	1	26Khu09
advejjhavacano	dv	v	e	0	1	1	21Khu04
advejjhavāco	dv	v	e	0	1	1	08Di03
adveḷhakavacanametaṃ	dv	v	e	0	1	1	26Khu09
agadaṅgapañho	ñh	h	o	0	1	1	28Khu11
agayhena	yh	h	e	0	1	1	28Khu11
agayho	yh	h	o	0	1	1	28Khu11
aggadakkhiṇeyyo	yy	y	o	1	1	1	28Khu11
aggaggasamaṇapañho	ñh	h	o	0	1	1	28Khu11
aggagimhe	mh	h	e	0	1	1	23Khu06
agārayho	yh	h	o	0	1	1	19Khu02
agāraṃtveva	tv	v	e	0	1	1	09Ma01
ahiṃsāniggahapañho	ñh	h	o	0	1	1	28Khu11
ajagaraṅgapañho	ñh	h	o	0	1	1	28Khu11
ajapālanigrodha	gr	r	o	0	1	1	03Vin03
ajapālanigrodhamūlā	gr	r	o	0	1	1	03Vin03
ajeyye	yy	y	e	1	1	1	23Khu06
ajitapañhesu	ñh	h	e	0	1	1	27khu10
ajitopañhe	ñh	h	e	0	1	1	27khu10
ajjhogāḷhe	ḷh	h	e	0	1	1	28Khu11
akalye	ly	y	e	0	1	1	18Khu01
akammajādipañho	ñh	h	o	0	1	1	28Khu11
akusalacchedanapañho	ñh	h	o	0	1	1	28Khu11
akālamaraṇapañho	ñh	h	o	0	1	1	28Khu11
akālameghotveva	tv	v	e	0	1	1	28Khu11
alabbhaneyye	yy	y	e	1	1	1	16An02
alābhomayheso	yh	h	e	0	1	1	02Vin02
amaccātveva	tv	v	e	0	1	1	28Khu11
amarādevīpañho	ñh	h	o	0	1	1	28Khu11
amhesū	mh	h	e	0	1	1	06Di01
amhevāyaṃ	mh	h	e	0	1	1	22Khu05
anaddhaneyyo	yy	y	o	1	1	1	23Khu06
anantakāyapañho	ñh	h	o	0	1	1	28Khu11
ananvemāni	nv	v	e	0	1	1	27khu10
anappameyyo	yy	y	o	1	1	1	19Khu02
anavasesasikkhāpadapañho	ñh	h	o	0	1	1	28Khu11
anuggaṇheyyanti	ṇh	h	e	0	1	1	24Khu07
anuggaṇheyyaṃ	ṇh	h	e	0	1	1	13Sam02
anuggaṇheyyuṃ	ṇh	h	e	0	1	1	03Vin03
anuggaṇheyyāti	ṇh	h	e	0	1	1	02Vin02
anumānapañho	ñh	h	o	0	1	1	28Khu11
anuppajjanapañho	ñh	h	o	0	1	1	28Khu11
anusetitvevassa	tv	v	e	0	1	1	10Ma02
anuttarabhāvajānanapañho	ñh	h	o	0	1	1	28Khu11
anuttarabhāvapañho	ñh	h	o	0	1	1	28Khu11
anventā	nv	v	e	0	1	1	19Khu02
anvesitabbo	nv	v	e	0	1	1	27khu10
anvesitvā	nv	v	e	0	1	1	27khu10
anvetīti	nv	v	e	0	1	1	27khu10
aparimitamasaṅkhyeyyakappe	ṅkhy	y	e	0	1	1	28Khu11
apariyogāḷho	ḷh	h	o	0	1	1	28Khu11
apasayho	yh	h	o	0	1	1	20Khu03
apayaṃsveva	sv	v	e	0	1	1	17An03
apehāyye	yy	y	e	1	1	1	02Vin02
apeyyoti	yy	y	o	1	1	1	15An01
appakleso	kl	l	e	0	1	1	20Khu03
appameyyesu	yy	y	e	1	1	1	27khu10
appameyyeti	yy	y	e	1	1	1	11Ma03
appiyātveva	tv	v	e	0	1	1	12Sam01
appossukkapañho	ñh	h	o	0	1	1	28Khu11
appābādhapañho	ñh	h	o	0	1	1	28Khu11
appānappabhāvapañho	ñh	h	o	0	1	1	28Khu11
apuññapañho	ñh	h	o	0	1	1	28Khu11
apāyaṃsveva	sv	v	e	0	1	1	12Sam01
arahantavedanāvediyanapañho	ñh	h	o	0	1	1	28Khu11
arakkheyyena	yy	y	e	1	1	1	21Khu04
arosaneyyo	yy	y	o	1	1	1	18Khu01
arūpadhammavavatthānadukkarapañho	ñh	h	o	0	1	1	28Khu11
asallekhatā	ll	l	e	1	1	1	05Vin05
asammūḷhoti	ḷh	h	o	0	1	1	09Ma01
asantuleyyo	yy	y	o	1	1	1	23Khu06
asaṅkamanapaṭisandahanapañho	ñh	h	o	0	1	1	28Khu11
asaṅkheyye	yy	y	e	1	1	1	23Khu06
asaṅkheyyepi	yy	y	e	1	1	1	21Khu04
asaṅkhyeyyā	ṅkhy	y	e	0	1	1	21Khu04
asaṅkhyeyyānīti	ṅkhy	y	e	0	1	1	15An01
assatthanigrodhamadhukavetasā	gr	r	o	0	1	1	23Khu06
assubhesajjābhesajjapañho	ñh	h	o	0	1	1	28Khu11
assāsapassāsanirodhapañho	ñh	h	o	0	1	1	28Khu11
atikaṇho	ṇh	h	o	0	1	1	02Vin02
atreva	tr	r	e	0	1	1	18Khu01
attanipātanapañho	ñh	h	o	0	1	1	28Khu11
atthibhāvapañho	ñh	h	o	0	1	1	28Khu11
atthinatthibhāvapañho	ñh	h	o	0	1	1	28Khu11
avacāsiḷārapamheti	mh	h	e	0	1	1	19Khu02
avhettha	vh	h	e	0	1	1	23Khu06
avheyya	vh	h	e	0	1	1	06Di01
aviheṭhakapañho	ñh	h	o	0	1	1	28Khu11
avūḷho	ḷh	h	o	0	1	1	27khu10
ayyokhañjatī	yy	y	o	1	1	1	03Vin03
aññakāyasaṅkamanapañho	ñh	h	o	0	1	1	28Khu11
aññatre	tr	r	e	0	1	1	23Khu06
aññindreyena	ndr	r	e	0	1	1	27khu10
aññākoṇḍaññotveva	tv	v	e	0	1	1	26Khu09
aṅgapañho	ñh	h	o	0	1	1	28Khu11
aṅkusagayhesippeti	yh	h	e	0	1	1	10Ma02
aṅkusagaṇhe	ṇh	h	e	0	1	1	10Ma02
bahvodake	hv	v	o	0	1	1	19Khu02
bhadrehiyānehi	dr	r	e	0	1	1	03Vin03
bhadrenapi	dr	r	e	0	1	1	10Ma02
bhaggataṇhoti	ṇh	h	o	0	1	1	24Khu07
bhajavho	vh	h	o	0	1	1	22Khu05
bhavantasaṅkhārajāyamānapañho	ñh	h	o	0	1	1	28Khu11
bhikkhupaṇāmitapañho	ñh	h	o	0	1	1	28Khu11
bhikkhusaṃghapariharaṇapañho	ñh	h	o	0	1	1	28Khu11
bhiyyobhiññatarā	yy	y	o	1	1	1	08Di03
bhiyyobhāvaṃ	yy	y	o	1	1	1	27khu10
bhiyyodha	yy	y	o	1	1	1	12Sam01
bhiyyohiññatarā	yy	y	o	1	1	1	08Di03
bhiyyosaddahāmi	yy	y	o	1	1	1	25Khu08
bhogaparibbūḷho	ḷh	h	o	0	1	1	16An02
bhojanaṅgapañho	ñh	h	o	0	1	1	28Khu11
bhusadassaneyyo	yy	y	o	1	1	1	23Khu06
bhāgineyyoti	yy	y	o	1	1	1	22Khu05
bhīyyo	yy	y	o	1	1	1	20Khu03
biḷāraṅgapañho	ñh	h	o	0	1	1	28Khu11
bodhisattadhammatāpañho	ñh	h	o	0	1	1	28Khu11
bojjhaṅgapañho	ñh	h	o	0	1	1	28Khu11
brahmacāripañho	ñh	h	o	0	1	1	28Khu11
brāhmalokapañho	ñh	h	o	0	1	1	28Khu11
brāhmaṇarājavādapañho	ñh	h	o	0	1	1	28Khu11
brāhmaṇātveva	tv	v	e	0	1	1	16An02
buddhaguṇasatipaṭilābhapañho	ñh	h	o	0	1	1	28Khu11
buddhalābhantarāyapañho	ñh	h	o	0	1	1	28Khu11
buddhanidassanapañho	ñh	h	o	0	1	1	28Khu11
buddhapūjanapañho	ñh	h	o	0	1	1	28Khu11
bālotveva	tv	v	e	0	1	1	05Vin05
bāḷisikaṅgapañho	ñh	h	o	0	1	1	28Khu11
bījaṅgapañho	ñh	h	o	0	1	1	28Khu11
cakkavattiṅgapañho	ñh	h	o	0	1	1	28Khu11
cakkavākaṅgapañho	ñh	h	o	0	1	1	28Khu11
cakkhusotaviññeyyesu	yy	y	e	1	1	1	09Ma01
cakkhuviññāṇādipañho	ñh	h	o	0	1	1	28Khu11
campeyyo	yy	y	o	1	1	1	21Khu04
candaṅgapañho	ñh	h	o	0	1	1	28Khu11
cattaklesomhi	kl	l	e	0	1	1	20Khu03
cattasallo	ll	l	o	1	1	1	24Khu07
cetanālakkhaṇapañho	ñh	h	o	0	1	1	28Khu11
cetiyapāṭihāriyapañho	ñh	h	o	0	1	1	28Khu11
chaddantajotipālārabbhapañho	ñh	h	o	0	1	1	28Khu11
chadvārārammaṇesvettha	sv	v	e	0	1	1	16An02
chandasamādhipadhānasaṅkhārotveva	tv	v	e	0	1	1	30Abhi02
channaṃtveva	tv	v	e	0	1	1	12Sam01
chasve	sv	v	e	0	1	1	10Ma02
chattaṅgapañho	ñh	h	o	0	1	1	28Khu11
cikkhallena	ll	l	e	1	1	1	04Vin04
cirakatasaraṇapañho	ñh	h	o	0	1	1	28Khu11
citre	tr	r	e	0	1	1	03Vin03
citro	tr	r	o	0	1	1	03Vin03
cittakadharakummaṅgapañho	ñh	h	o	0	1	1	28Khu11
cittasamādhipadhānasaṅkhārotveva	tv	v	e	0	1	1	30Abhi02
culle	ll	l	e	1	1	1	21Khu04
cāpaṅgapañho	ñh	h	o	0	1	1	28Khu11
dakkhiṇeyyena	yy	y	e	1	1	1	19Khu02
dakkhiṇeyyeti	yy	y	e	1	1	1	12Sam01
dakkhiṇeyyovā	yy	y	o	1	1	1	28Khu11
dantullehakaṃ	ll	l	e	1	1	1	11Ma03
dehāyye	yy	y	e	1	1	1	01Vin01
devadattapabbajjapañho	ñh	h	o	0	1	1	28Khu11
devatātveva	tv	v	e	0	1	1	11Ma03
deyyo	yy	y	o	1	1	1	20Khu03
dhammacariyāsamacariyāseyyoti	yy	y	o	1	1	1	10Ma02
dhammadiṭṭhapañho	ñh	h	o	0	1	1	28Khu11
dhammasantatipañho	ñh	h	o	0	1	1	28Khu11
dhammavinayapaṭicchānnāpaṭicchannapañho	ñh	h	o	0	1	1	28Khu11
dhammābhisamayapañho	ñh	h	o	0	1	1	28Khu11
dhutaṅgapañho	ñh	h	o	0	1	1	28Khu11
dibbenādhipateyyena	yy	y	e	1	1	1	15An01
dosaneyye	yy	y	e	1	1	1	18Khu01
dubbalikaraṇītveva	tv	v	e	0	1	1	08Di03
dubbalyena	ly	y	e	0	1	1	28Khu11
dujjivho	vh	h	o	0	1	1	16An02
dujjovho	vh	h	o	0	1	1	16An02
dukkarakārikapañho	ñh	h	o	0	1	1	28Khu11
dukkhamanvetīti	nv	v	e	0	1	1	24Khu07
dukkhappahānavāyamapañho	ñh	h	o	0	1	1	28Khu11
dussīlapañho	ñh	h	o	0	1	1	28Khu11
dutiyadvebrāhmaṇasutta	dv	v	e	0	1	1	15An01
duṭṭullo	ll	l	o	1	1	1	24Khu07
dvebhāgasikkhāpada	dv	v	e	0	1	1	01Vin01
dvebhāgasikkhāpadaṃ	dv	v	e	0	1	1	01Vin01
dvebhāgā	dv	v	e	0	1	1	05Vin05
dvebhātikā	dv	v	e	0	1	1	04Vin04
dvebrāhmaṇavatthu	dv	v	e	0	1	1	18Khu01
dvecattālīsamo	dv	v	e	0	1	1	26Khu09
dvecattārisanissaggiyānaṃ	dv	v	e	0	1	1	05Vin05
dvedhābhinnā	dv	v	e	0	1	1	11Ma03
dvedhāpathe	dv	v	e	0	1	1	28Khu11
dvedhāpathā	dv	v	e	0	1	1	27khu10
dvedhāvitakkasuttaṃ	dv	v	e	0	1	1	09Ma01
dvejjhaṃ	dv	v	e	0	1	1	16An02
dvejjhāpannesu	dv	v	e	0	1	1	24Khu07
dvekappā	dv	v	e	0	1	1	24Khu07
dvekhandhā	dv	v	e	0	1	1	37Abhi09
dvekoṭinaranārīnaṃ	dv	v	e	0	1	1	21Khu04
dvelakkhaṇādassana	dv	v	e	0	1	1	06Di01
dvemasaparivāso	dv	v	e	0	1	1	04Vin04
dvemāsampi	dv	v	e	0	1	1	08Di03
dvemāsaparivasitabbavidhi	dv	v	e	0	1	1	04Vin04
dvemāsaparivādaṃ	dv	v	e	0	1	1	04Vin04
dvemāsaparivāsa	dv	v	e	0	1	1	04Vin04
dvemāsaparivāsakammavācā	dv	v	e	0	1	1	04Vin04
dvemāsaparivāsassa	dv	v	e	0	1	1	04Vin04
dvemāsapaṭicchannaparivāsa	dv	v	e	0	1	1	04Vin04
dvemāsapaṭicchannāya	dv	v	e	0	1	1	04Vin04
dvemāsappaṭicchannānaṃekamāsaparivāsaṃ	dv	v	e	0	1	1	04Vin04
dvemāsaṃ	dv	v	e	0	1	1	21Khu04
dvemāsikopi	dv	v	e	0	1	1	24Khu07
dvemāsā	dv	v	e	0	1	1	04Vin04
dvenissāraṇādikathā	dv	v	e	0	1	1	03Vin03
dvepaccayā	dv	v	e	0	1	1	07Di02
dvepassa	dv	v	e	0	1	1	23Khu06
dvepatha	dv	v	e	0	1	1	19Khu02
dvepiccha	dv	v	e	0	1	1	23Khu06
dvepitikā	dv	v	e	0	1	1	23Khu06
dvepānanda	dv	v	e	0	1	1	10Ma02
dverataniyatthera	dv	v	e	0	1	1	20Khu03
dverataniyattherassāpadānaṃ	dv	v	e	0	1	1	20Khu03
dvesaccā	dv	v	e	0	1	1	30Abhi02
dvesahāyakabhikkhuvatthu	dv	v	e	0	1	1	18Khu01
dvesaparivāsaṃ	dv	v	e	0	1	1	04Vin04
dvesattarattassa	dv	v	e	0	1	1	23Khu06
dvesattatiyeva	dv	v	e	0	1	1	16An02
dvesatthavāha	dv	v	e	0	1	1	07Di02
dvesatā	dv	v	e	0	1	1	28Khu11
dvesaṭṭhikappamhi	dv	v	e	0	1	1	20Khu03
dvettha	dv	v	e	0	1	1	05Vin05
dvevassasahassāyukānaṃ	dv	v	e	0	1	1	08Di03
dvevassasatāyukā	dv	v	e	0	1	1	08Di03
dvevassikopi	dv	v	e	0	1	1	24Khu07
dvevisayo	dv	v	e	0	1	1	31Abhi03
dveyamā	dv	v	e	0	1	1	23Khu06
dveye	dv	v	e	0	1	1	03Vin03
dveḷhakajātesu	dv	v	e	0	1	1	24Khu07
dvisallena	ll	l	e	1	1	1	13Sam02
dīghaṭṭhipañho	ñh	h	o	0	1	1	28Khu11
dīpikaṅgapañho	ñh	h	o	0	1	1	28Khu11
dīpiniyaṅgapañho	ñh	h	o	0	1	1	28Khu11
ehayyebhiramāmase	yy	y	e	1	1	1	12Sam01
ekantakaṇhehi	ṇh	h	e	0	1	1	28Khu11
ekantakaṇho	ṇh	h	o	0	1	1	28Khu11
ekantasukhanibbānapañho	ñh	h	o	0	1	1	28Khu11
ekarasapañho	ñh	h	o	0	1	1	28Khu11
ekasallena	ll	l	e	1	1	1	13Sam02
ekattanānattapañho	ñh	h	o	0	1	1	28Khu11
ekodaṭṭhoabhiññeyyo	yy	y	o	1	1	1	26Khu09
esappameyyo	yy	y	o	1	1	1	32Abhi04
esayyo	yy	y	o	1	1	1	04Vin04
esveva	sv	v	e	0	1	1	23Khu06
esāyyo	yy	y	o	1	1	1	02Vin02
etthabhiyyo	yy	y	o	1	1	1	09Ma01
eḷeyyena	yy	y	e	1	1	1	15An01
following	ll	l	o	1	1	1	34Abhi06
gabbhāvakkantipañho	ñh	h	o	0	1	1	28Khu11
gacchāyye	yy	y	e	1	1	1	02Vin02
gadrabhaṅgapañho	ñh	h	o	0	1	1	28Khu11
gandhamallena	ll	l	e	1	1	1	20Khu03
ganheyya	nh	h	e	0	1	1	22Khu05
gantveva	ntv	v	e	0	1	1	19Khu02
gayheyyapi	yh	h	e	0	1	1	15An01
gaṇhavho	vh	h	o	0	1	1	22Khu05
gaṇheyyā	ṇh	h	e	0	1	1	02Vin02
gaṇheyyāsi	ṇh	h	e	0	1	1	19Khu02
gharakapotaṅgapañho	ñh	h	o	0	1	1	28Khu11
ghaṭikārapañho	ñh	h	o	0	1	1	28Khu11
gihipabbajitasammāpaṭipattipañho	ñh	h	o	0	1	1	28Khu11
gimhepi	mh	h	e	0	1	1	26Khu09
gimhesu	mh	h	e	0	1	1	22Khu05
gorūpaṅgapañho	ñh	h	o	0	1	1	28Khu11
gotamanigrodhe	gr	r	o	0	1	1	07Di02
gotamanigrodho	gr	r	o	0	1	1	07Di02
gotamivatthadānapañho	ñh	h	o	0	1	1	28Khu11
guḷho	ḷh	h	o	0	1	1	25Khu08
guḷhodakanti	ḷh	h	o	0	1	1	27khu10
gāmesve	sv	v	e	0	1	1	22Khu05
gāthābhigītabhojanakathāpañho	ñh	h	o	0	1	1	28Khu11
handayye	yy	y	e	1	1	1	04Vin04
hatthapattoṭṭhanillehaṃ	ll	l	e	1	1	1	04Vin04
hatthiṅgapañho	ñh	h	o	0	1	1	28Khu11
hatthārūyhe	yh	h	e	0	1	1	10Ma02
hiyyopi	yy	y	o	1	1	1	02Vin02
hīnāyāvattanapañho	ñh	h	o	0	1	1	28Khu11
iddhibaladassanapañho	ñh	h	o	0	1	1	28Khu11
iddhikammavipākapañho	ñh	h	o	0	1	1	28Khu11
isigilitveva	tv	v	e	0	1	1	11Ma03
issāsaṅgapañho	ñh	h	o	0	1	1	28Khu11
jalle	ll	l	e	1	1	1	23Khu06
jalūkaṅgapañho	ñh	h	o	0	1	1	28Khu11
janānañhettha	ñh	h	e	0	1	1	25Khu08
jarasiṅgālaṅgapañho	ñh	h	o	0	1	1	28Khu11
jivhāviññeyyesurasesu	yy	y	e	1	1	1	11Ma03
juṇhepi	ṇh	h	e	0	1	1	26Khu09
jānantājānantapāpakaraṇapañho	ñh	h	o	0	1	1	28Khu11
jārāmaraṇamanventīti	nv	v	e	0	1	1	27khu10
kalandakaṅgapañho	ñh	h	o	0	1	1	28Khu11
kalyāṇabhāvamhe	mh	h	e	0	1	1	22Khu05
kammadhorayho	yh	h	o	0	1	1	28Khu11
kammajādipañho	ñh	h	o	0	1	1	28Khu11
kammakāraṅgapañho	ñh	h	o	0	1	1	28Khu11
kammanānākaraṇapañho	ñh	h	o	0	1	1	28Khu11
kammādhipateyyo	yy	y	o	1	1	1	28Khu11
katamhehi	mh	h	e	0	1	1	21Khu04
katādhikārasaphalapañho	ñh	h	o	0	1	1	28Khu11
kaṇhopi	ṇh	h	o	0	1	1	28Khu11
kaṇhoti	ṇh	h	o	0	1	1	24Khu07
kaṭhinatapanapañho	ñh	h	o	0	1	1	28Khu11
khamāhāyye	yy	y	e	1	1	1	02Vin02
khattasaṅghaparibyūḷho	ḷh	h	o	0	1	1	23Khu06
khatye	ty	y	e	0	1	1	23Khu06
khettakammantasāmantasabyohāre	by	y	o	0	1	1	16An02
khettakammantasāmantasabyohārā	by	y	o	0	1	1	16An02
khettaṅgapañho	ñh	h	o	0	1	1	28Khu11
khuddānukhuddakapañho	ñh	h	o	0	1	1	28Khu11
khīraṃtveva	tv	v	e	0	1	1	06Di01
khīṇāsavabhāvapañho	ñh	h	o	0	1	1	28Khu11
khīṇāsavasatisammosapañho	ñh	h	o	0	1	1	28Khu11
kirāyye	yy	y	e	1	1	1	02Vin02
kirāyyo	yy	y	o	1	1	1	02Vin02
kiṃnvettha	nv	v	e	0	1	1	22Khu05
klesabyādhibahudukkha	kl	l	e	0	1	1	20Khu03
klesamale	kl	l	e	0	1	1	18Khu01
kosalle	ll	l	e	1	1	1	27khu10
kosallena	ll	l	e	1	1	1	27khu10
kosallo	ll	l	o	1	1	1	11Ma03
koṭipaññāyanapañho	ñh	h	o	0	1	1	28Khu11
kukkuṭaṅgapañho	ñh	h	o	0	1	1	28Khu11
kumbhaṅgapañho	ñh	h	o	0	1	1	28Khu11
kummaṅgapañho	ñh	h	o	0	1	1	28Khu11
kusalākusalabalavatarapañho	ñh	h	o	0	1	1	28Khu11
kusalākusalasamavisamapañho	ñh	h	o	0	1	1	28Khu11
kuṇapamhete	mh	h	e	0	1	1	12Sam01
kve	kv	v	e	0	1	1	22Khu05
kāmasallena	ll	l	e	1	1	1	24Khu07
kāyapiyāyanapañho	ñh	h	o	0	1	1	28Khu11
kāḷāyasaṅgapañho	ñh	h	o	0	1	1	28Khu11
kūpaṅgapañho	ñh	h	o	0	1	1	28Khu11
lakkhaṇapañho	ñh	h	o	0	1	1	28Khu11
lobhaneyye	yy	y	e	1	1	1	18Khu01
lohitañhetaṃ	ñh	h	e	0	1	1	09Ma01
loṇasallopamaṃ	ll	l	o	1	1	1	27khu10
lumbineyye	yy	y	e	1	1	1	18Khu01
lābulataṅgapañho	ñh	h	o	0	1	1	28Khu11
maccubhāyanābhāyanapañho	ñh	h	o	0	1	1	28Khu11
maccupāsamuttipañho	ñh	h	o	0	1	1	28Khu11
maggamārūḷho	ḷh	h	o	0	1	1	21Khu04
magguppādanapañho	ñh	h	o	0	1	1	28Khu11
mahalle	ll	l	e	1	1	1	04Vin04
mahāgovindotveva	tv	v	e	0	1	1	07Di02
mahānigrodhamaddakkhuṃ	gr	r	o	0	1	1	22Khu05
mahāpallepe	ll	l	e	1	1	1	26Khu09
mahāpañhesu	ñh	h	e	0	1	1	17An03
mahāpurisalakkhaṇapañho	ñh	h	o	0	1	1	28Khu11
mahātaṇho	ṇh	h	o	0	1	1	18Khu01
mahāyye	yy	y	e	1	1	1	13Sam02
makkaṭaṅgapañho	ñh	h	o	0	1	1	28Khu11
mamhe	mh	h	e	0	1	1	23Khu06
manasikāralakkhaṇapañho	ñh	h	o	0	1	1	28Khu11
manasikārapañho	ñh	h	o	0	1	1	28Khu11
manvesi	nv	v	e	0	1	1	23Khu06
masāragalloti	ll	l	o	1	1	1	28Khu11
mayamayye	yy	y	e	1	1	1	21Khu04
mayhesā	yh	h	e	0	1	1	02Vin02
mayhetaṃ	yh	h	e	0	1	1	23Khu06
mayāruḷho	ḷh	h	o	0	1	1	23Khu06
maññavho	vh	h	o	0	1	1	22Khu05
maññivho	vh	h	o	0	1	1	22Khu05
maṇiratanapañho	ñh	h	o	0	1	1	28Khu11
maṇḍabyopi	by	y	o	0	1	1	28Khu11
meayyo	yy	y	o	1	1	1	02Vin02
meghaṅgapañho	ñh	h	o	0	1	1	28Khu11
mettābhāvanānisaṃsapañho	ñh	h	o	0	1	1	28Khu11
meṇḍakapañho	ñh	h	o	0	1	1	28Khu11
meṇḍakapañhopi	ñh	h	o	0	1	1	28Khu11
middhasamārūḷhe	ḷh	h	e	0	1	1	28Khu11
migaṅgapañho	ñh	h	o	0	1	1	28Khu11
milindapañhe	ñh	h	e	0	1	1	20Khu03
miyye	yy	y	e	1	1	1	23Khu06
mohaneyye	yy	y	e	1	1	1	18Khu01
moligalle	ll	l	e	1	1	1	03Vin03
muhuttaṃuṇhe	ṇh	h	e	0	1	1	03Vin03
mukhullokakāti	ll	l	o	1	1	1	24Khu07
mukhullokiko	ll	l	o	1	1	1	06Di01
munigalle	ll	l	e	1	1	1	03Vin03
musāvādagarulahubhāvapañho	ñh	h	o	0	1	1	28Khu11
muttasallo	ll	l	o	1	1	1	24Khu07
muyheyya	yh	h	e	0	1	1	28Khu11
muyheyyunti	yh	h	e	0	1	1	32Abhi04
māgavikaṅgapañho	ñh	h	o	0	1	1	28Khu11
māluṅkyo	ṅky	y	o	0	1	1	19Khu02
mātusveva	sv	v	e	0	1	1	19Khu02
mūḷhenā	ḷh	h	e	0	1	1	10Ma02
mūḷhesu	ḷh	h	e	0	1	1	22Khu05
mūḷhosmi	ḷh	h	o	0	1	1	22Khu05
nakulaṅgapañho	ñh	h	o	0	1	1	28Khu11
nanvetaṃ	nv	v	e	0	1	1	04Vin04
natthibhāvapañho	ñh	h	o	0	1	1	28Khu11
natthitvevassa	tv	v	e	0	1	1	11Ma03
naviññeyye	yy	y	e	1	1	1	40Abhi12
neyyopi	yy	y	o	1	1	1	27khu10
nibbānalabhanapañho	ñh	h	o	0	1	1	28Khu11
nibbānarūpasaṇṭhānapañho	ñh	h	o	0	1	1	28Khu11
nibbānasacchikaraṇapañho	ñh	h	o	0	1	1	28Khu11
nibbānasannihitapañho	ñh	h	o	0	1	1	28Khu11
nibbānasukhajānanapañho	ñh	h	o	0	1	1	28Khu11
nidrodhamiva	dr	r	o	0	1	1	20Khu03
nidveḷhakā	dv	v	e	0	1	1	25Khu08
nigaṇṭhādvedhikajātā	dv	v	e	0	1	1	11Ma03
nigrodhabījāni	gr	r	o	0	1	1	22Khu05
nigrodhajātaka	gr	r	o	0	1	1	22Khu05
nigrodhajātakaṃ	gr	r	o	0	1	1	22Khu05
nigrodhakappa	gr	r	o	0	1	1	18Khu01
nigrodhakappasuttaṃ	gr	r	o	0	1	1	18Khu01
nigrodhamiga	gr	r	o	0	1	1	22Khu05
nigrodhamigajātaka	gr	r	o	0	1	1	22Khu05
nigrodhamigajātakaṃ	gr	r	o	0	1	1	22Khu05
nigrodhamiva	gr	r	o	0	1	1	23Khu06
nigrodhapakkabimboṭṭhī	gr	r	o	0	1	1	23Khu06
nigrodhaparibbājakavatthu	gr	r	o	0	1	1	08Di03
nigrodhassapajjhāyana	gr	r	o	0	1	1	08Di03
nigrodhattheragāthā	gr	r	o	0	1	1	19Khu02
nigrodhaṃantarā	gr	r	o	0	1	1	04Vin04
nigrodhe	gr	r	o	0	1	1	21Khu04
nigrodhopi	gr	r	o	0	1	1	08Di03
nigrodhu	gr	r	o	0	1	1	23Khu06
nigūḷho	ḷh	h	o	0	1	1	22Khu05
nikkhamathāyye	yy	y	e	1	1	1	02Vin02
nillehitvā	ll	l	e	1	1	1	02Vin02
nillekhaṇaṃ	ll	l	e	1	1	1	04Vin04
nillekhā	ll	l	e	1	1	1	25Khu08
nillenakāni	ll	l	e	1	1	1	22Khu05
nillepo	ll	l	e	1	1	1	21Khu04
nillobhapāpo	ll	l	o	1	1	1	22Khu05
nillobhaṃ	ll	l	o	1	1	1	22Khu05
nilloketabbo	ll	l	o	1	1	1	04Vin04
nippapañcapañho	ñh	h	o	0	1	1	28Khu11
nirodhanibbānapañho	ñh	h	o	0	1	1	28Khu11
nittaṇhosi	ṇh	h	o	0	1	1	20Khu03
nivattavho	vh	h	o	0	1	1	22Khu05
nivattayho	yh	h	o	0	1	1	22Khu05
niyāmakaṅgapañho	ñh	h	o	0	1	1	28Khu11
nupasaṅkheyyoti	yy	y	o	1	1	1	24Khu07
nveti	nv	v	e	0	1	1	23Khu06
nābhyo	bhy	y	o	0	1	1	19Khu02
nāgasenapañho	ñh	h	o	0	1	1	28Khu11
nāmamhehi	mh	h	e	0	1	1	12Sam01
nāmarūpapaṭisandahanapañho	ñh	h	o	0	1	1	28Khu11
nātikaṇho	ṇh	h	o	0	1	1	02Vin02
nātivissaṭṭhavākyo	ky	y	o	0	1	1	23Khu06
nāvaṅgapañho	ñh	h	o	0	1	1	28Khu11
nāvālagganakaṅgapañho	ñh	h	o	0	1	1	28Khu11
nāyye	yy	y	e	1	1	1	02Vin02
nīceyyoti	yy	y	o	1	1	1	24Khu07
oligallepi	ll	l	e	1	1	1	10Ma02
opammakathāpañho	ñh	h	o	0	1	1	28Khu11
oruḷhena	ḷh	h	e	0	1	1	02Vin02
osaṇhenti	ṇh	h	e	0	1	1	04Vin04
ovuyheyya	yh	h	e	0	1	1	18Khu01
oḷigalle	ll	l	e	1	1	1	09Ma01
pabbajjapañho	ñh	h	o	0	1	1	28Khu11
pabbataṅgapañho	ñh	h	o	0	1	1	28Khu11
pabbāḷho	ḷh	h	o	0	1	1	10Ma02
padamanveti	nv	v	e	0	1	1	27khu10
padumaṅgapañho	ñh	h	o	0	1	1	28Khu11
paggaṇhepaggahārahan	ṇh	h	e	0	1	1	28Khu11
paggaṇheyyaṃ	ṇh	h	e	0	1	1	06Di01
pahīnasallo	ll	l	o	1	1	1	24Khu07
pakappanātidve	dv	v	e	0	1	1	24Khu07
pamattāpamattadvesahāyakabhikkhuvatthu	dv	v	e	0	1	1	18Khu01
pamheti	mh	h	e	0	1	1	19Khu02
pamodathavho	vh	h	o	0	1	1	22Khu05
pamūḷhosi	ḷh	h	o	0	1	1	24Khu07
panhe	nh	h	e	0	1	1	22Khu05
panthamakkaṭakaṅgapañho	ñh	h	o	0	1	1	28Khu11
panāvusotumhepi	mh	h	e	0	1	1	10Ma02
panāyyena	yy	y	e	1	1	1	01Vin01
paraneyye	yy	y	e	1	1	1	22Khu05
paraneyyona	yy	y	o	1	1	1	25Khu08
parasāpateyyesu	yy	y	e	1	1	1	27khu10
paridevathavho	vh	h	o	0	1	1	22Khu05
pariggaṇheyyāsi	ṇh	h	e	0	1	1	08Di03
pariggaṇheyyātha	ṇh	h	e	0	1	1	09Ma01
pariklesaṃ	kl	l	e	0	1	1	12Sam01
parikleso	kl	l	e	0	1	1	19Khu02
parimeyyo	yy	y	o	1	1	1	20Khu03
parisaṇho	ṇh	h	o	0	1	1	28Khu11
parosatapañhena	ñh	h	e	0	1	1	22Khu05
parūḷho	ḷh	h	o	0	1	1	20Khu03
passathayyo	yy	y	o	1	1	1	03Vin03
pathabyo	by	y	o	0	1	1	16An02
pathavicalanapañho	ñh	h	o	0	1	1	28Khu11
pathavisandhārakapañho	ñh	h	o	0	1	1	28Khu11
pavanaṅgapañho	ñh	h	o	0	1	1	28Khu11
pañcagatisamāruḷho	ḷh	h	o	0	1	1	26Khu09
pañcāyatanakammanibbattapañho	ñh	h	o	0	1	1	28Khu11
pañhova	ñh	h	o	0	1	1	27khu10
paññattipañho	ñh	h	o	0	1	1	28Khu11
paññālakkhaṇapañho	ñh	h	o	0	1	1	28Khu11
paññāpatiṭṭhānapañho	ñh	h	o	0	1	1	28Khu11
paṭhamadvebrāhmaṇasutta	dv	v	e	0	1	1	15An01
paṭigaṇheyya	ṇh	h	e	0	1	1	20Khu03
paṭiggaṇheyyaṃ	ṇh	h	e	0	1	1	03Vin03
paṭiggaṇheyyāthā	ṇh	h	e	0	1	1	04Vin04
paṭiladdhāyabhiyyobhāvāya	yy	y	o	1	1	1	08Di03
paṭimallo	ll	l	o	1	1	1	12Sam01
paṭimalloti	ll	l	o	1	1	1	24Khu07
paṭinissaṭṭhasallo	ll	l	o	1	1	1	24Khu07
paṭipadādosapañho	ñh	h	o	0	1	1	28Khu11
paṭisandahanapañho	ñh	h	o	0	1	1	28Khu11
paṭisandahanapuggalavediyanapañho	ñh	h	o	0	1	1	28Khu11
paṭisandhipañho	ñh	h	o	0	1	1	28Khu11
petteyyopiyo	yy	y	o	1	1	1	16An02
peṇāhikaṅgapañho	ñh	h	o	0	1	1	28Khu11
phalamanvesamānā	nv	v	e	0	1	1	20Khu03
pharusavācābhāvapañho	ñh	h	o	0	1	1	28Khu11
phassalakkhaṇapañho	ñh	h	o	0	1	1	28Khu11
phassādivinibbhujanapañho	ñh	h	o	0	1	1	28Khu11
pitupitusveva	sv	v	e	0	1	1	19Khu02
piṇḍapātamahapphalapañho	ñh	h	o	0	1	1	28Khu11
pubbapetādisapañho	ñh	h	o	0	1	1	28Khu11
pubbaṇhe	ṇh	h	e	0	1	1	20Khu03
pubbaṇhena	ṇh	h	e	0	1	1	15An01
purimakoṭipañho	ñh	h	o	0	1	1	28Khu11
purisadhorayhena	yh	h	e	0	1	1	08Di03
puthusallehi	ll	l	e	1	1	1	26Khu09
pādasakalikāhatapañho	ñh	h	o	0	1	1	28Khu11
pālileyyena	yy	y	e	1	1	1	13Sam02
pārileyyo	yy	y	o	1	1	1	22Khu05
ruhiruppādakotveva	tv	v	e	0	1	1	32Abhi04
rukkhaṅgapañho	ñh	h	o	0	1	1	28Khu11
ruḷhena	ḷh	h	e	0	1	1	11Ma03
rāmaṇeyyo	yy	y	o	1	1	1	19Khu02
rūpaṃtveva	tv	v	e	0	1	1	09Ma01
sabbabhogaparibyūḷho	ḷh	h	o	0	1	1	21Khu04
sabbamaññitānaṃtveva	tv	v	e	0	1	1	11Ma03
sabbamūḷho	ḷh	h	o	0	1	1	06Di01
sabbapāliphullo	ll	l	o	1	1	1	16An02
sabbasattahitapharaṇapañho	ñh	h	o	0	1	1	28Khu11
sabbaññūbhāvapañho	ñh	h	o	0	1	1	28Khu11
sabbesveva	sv	v	e	0	1	1	17An03
sabyohārānukampitassa	by	y	o	0	1	1	16An02
saddavicāroabhiññeyyo	yy	y	o	1	1	1	26Khu09
saddhammantaradhānapañho	ñh	h	o	0	1	1	28Khu11
sadveḷhakaṃ	dv	v	e	0	1	1	25Khu08
sadveḷhako	dv	v	e	0	1	1	24Khu07
sadveḷhakā	dv	v	e	0	1	1	25Khu08
sakkapañhātveva	tv	v	e	0	1	1	07Di02
sakkaṅgapañho	ñh	h	o	0	1	1	28Khu11
sakyehi	ky	y	e	0	1	1	10Ma02
sallebhi	ll	l	e	1	1	1	22Khu05
sallekhadhutaguṇe	ll	l	e	1	1	1	28Khu11
sallekhapariyāyo	ll	l	e	1	1	1	09Ma01
sallekhasammādiṭṭhisatipaṭṭhaṃ	ll	l	e	1	1	1	09Ma01
sallekhasuttaṃ	ll	l	e	1	1	1	09Ma01
sallekhavuttiṃ	ll	l	e	1	1	1	28Khu11
sallekhaṭṭhañāṇaniddesa	ll	l	e	1	1	1	26Khu09
sallekhaṭṭhañāṇaniddeso	ll	l	e	1	1	1	26Khu09
sallekhe	ll	l	e	1	1	1	27khu10
sallekhitā	ll	l	e	1	1	1	16An02
sallekhitācārappaṭipattidhutavaraṅgaguṇanissitā	ll	l	e	1	1	1	28Khu11
sallekhitācārappaṭipattidhutaṅgaguṇadharanissitā	ll	l	e	1	1	1	28Khu11
sallekhoti	ll	l	e	1	1	1	26Khu09
sallekhānusantatavutti	ll	l	e	1	1	1	27khu10
sallekkhetabbaṃ	ll	l	e	1	1	1	04Vin04
samakabhāvapañho	ñh	h	o	0	1	1	28Khu11
samanvesanto	nv	v	e	0	1	1	27khu10
samanvesanā	nv	v	e	0	1	1	06Di01
samaṇatveva	tv	v	e	0	1	1	23Khu06
sammuyheyyati	yh	h	e	0	1	1	28Khu11
sammūḷhe	ḷh	h	e	0	1	1	18Khu01
sammūḷhettha	ḷh	h	e	0	1	1	13Sam02
sammūḷhosi	ḷh	h	o	0	1	1	24Khu07
sammūḷhoti	ḷh	h	o	0	1	1	09Ma01
sampahaṃsetvāuyyojesi	yy	y	o	1	1	1	03Vin03
sampakkhandanalakkhaṇasaddhāpañho	ñh	h	o	0	1	1	28Khu11
sampamūḷhettha	ḷh	h	e	0	1	1	18Khu01
sampamūḷho	ḷh	h	o	0	1	1	22Khu05
sampasādanalakkhaṇasaddhāpañho	ñh	h	o	0	1	1	28Khu11
sampasādanīyantveva	ntv	v	e	0	1	1	08Di03
samuddapañho	ñh	h	o	0	1	1	28Khu11
samuddaṅgapañho	ñh	h	o	0	1	1	28Khu11
samuddhatasallo	ll	l	o	1	1	1	24Khu07
samupabbuḷho	ḷh	h	o	0	1	1	12Sam01
samupabyuḷho	ḷh	h	o	0	1	1	13Sam02
samuppāṭitasallo	ll	l	o	1	1	1	24Khu07
samādhipañho	ñh	h	o	0	1	1	28Khu11
samūpabyūḷho	ḷh	h	o	0	1	1	09Ma01
santhavapañho	ñh	h	o	0	1	1	28Khu11
sappaṅgapañho	ñh	h	o	0	1	1	28Khu11
sappimaṇḍotveva	tv	v	e	0	1	1	06Di01
sarāgavītarāganānākaraṇapañho	ñh	h	o	0	1	1	28Khu11
sasallolokasannivāso	ll	l	o	1	1	1	26Khu09
satapattaṅgapañho	ñh	h	o	0	1	1	28Khu11
sataṇhātaṇhesu	ṇh	h	e	0	1	1	13Sam02
satilakkhaṇapañho	ñh	h	o	0	1	1	28Khu11
sattātveva	tv	v	e	0	1	1	08Di03
satyesa	ty	y	e	0	1	1	27khu10
sayho	yh	h	o	0	1	1	11Ma03
saññālakkhaṇapañho	ñh	h	o	0	1	1	28Khu11
saṃgataklesaṃ	kl	l	e	0	1	1	21Khu04
saṃmūḷho	ḷh	h	o	0	1	1	05Vin05
saṃsārapañho	ñh	h	o	0	1	1	28Khu11
saṃvirūḷhetha	ḷh	h	e	0	1	1	22Khu05
saṃyogaparamātveva	tv	v	e	0	1	1	22Khu05
saṅgaṇhe	ṇh	h	e	0	1	1	23Khu06
saṅkhārajāyamānapañho	ñh	h	o	0	1	1	28Khu11
saṅkāraggitveva	tv	v	e	0	1	1	09Ma01
saṇhoti	ṇh	h	o	0	1	1	24Khu07
senāvasanuyyodhikaṃ	yy	y	o	1	1	1	05Vin05
sereyyo	yy	y	o	1	1	1	20Khu03
seyye	yy	y	e	1	1	1	20Khu03
seyyenamhi	yy	y	e	1	1	1	27khu10
seyyohamasmisutta	yy	y	o	1	1	1	13Sam02
seyyohamasmītividhā	yy	y	o	1	1	1	14Sam03
seyyova	yy	y	o	1	1	1	22Khu05
seṭṭhadhammapañho	ñh	h	o	0	1	1	28Khu11
should	sh	h	o	0	1	1	30Abhi02
sivirājacakkhudānapañho	ñh	h	o	0	1	1	28Khu11
soceyye	yy	y	e	1	1	1	28Khu11
soḷasasvettha	sv	v	e	0	1	1	16An02
subhakiṇhesu	ṇh	h	e	0	1	1	09Ma01
subhakiṇho	ṇh	h	o	0	1	1	09Ma01
sudassaneyyo	yy	y	o	1	1	1	23Khu06
sukhaseyyo	yy	y	o	1	1	1	23Khu06
sukhumapañho	ñh	h	o	0	1	1	28Khu11
sukhumālādhipateyyena	yy	y	e	1	1	1	15An01
sukkhenallenupāhanā	ll	l	e	1	1	1	04Vin04
sumallehi	ll	l	e	1	1	1	20Khu03
suphassotveva	tv	v	e	0	1	1	12Sam01
supinapañho	ñh	h	o	0	1	1	28Khu11
suppasayho	yh	h	o	0	1	1	19Khu02
supubbaṇho	ṇh	h	o	0	1	1	15An01
susamārūḷho	ḷh	h	o	0	1	1	20Khu03
susāyanho	nh	h	o	0	1	1	15An01
suttavidheyyesu	yy	y	e	1	1	1	27khu10
suvaṇṇantveva	ntv	v	e	0	1	1	32Abhi04
suvaṇṇaṃtveva	tv	v	e	0	1	1	12Sam01
suvimuttaṭṭhoabhiññeyyo	yy	y	o	1	1	1	26Khu09
suvākyena	ky	y	e	0	1	1	21Khu04
svedānāhaṃ	sv	v	e	0	1	1	04Vin04
sādhayyeti	yy	y	e	1	1	1	09Ma01
sākhalyena	ly	y	e	0	1	1	22Khu05
sālakalyāṇikaṅgapañho	ñh	h	o	0	1	1	28Khu11
sāleyyo	yy	y	o	1	1	1	09Ma01
sāmantasabyohāre	by	y	o	0	1	1	16An02
sāpateyyena	yy	y	e	1	1	1	01Vin01
sāḷhena	ḷh	h	e	0	1	1	02Vin02
sāḷhopi	ḷh	h	o	0	1	1	02Vin02
sīhaṅgapañho	ñh	h	o	0	1	1	28Khu11
sīlalakkhaṇapañho	ñh	h	o	0	1	1	28Khu11
sītuṇhena	ṇh	h	e	0	1	1	19Khu02
sūriyatapanapañho	ñh	h	o	0	1	1	28Khu11
sūriyaṅgapañho	ñh	h	o	0	1	1	28Khu11
tacchakaṅgapañho	ñh	h	o	0	1	1	28Khu11
tatratumhe	mh	h	e	0	1	1	05Vin05
tatreke	tr	r	e	0	1	1	12Sam01
tejaṅgapañho	ñh	h	o	0	1	1	28Khu11
tejotveva	tv	v	e	0	1	1	16An02
thanassitadārakaṅgapañho	ñh	h	o	0	1	1	28Khu11
therapaṭisandahanāpaṭisandahanapañho	ñh	h	o	0	1	1	28Khu11
thusaggitveva	tv	v	e	0	1	1	09Ma01
tissametteyyoti	yy	y	o	1	1	1	25Khu08
tulyo	ly	y	o	0	1	1	18Khu01
tumheetarahi	mh	h	e	0	1	1	11Ma03
tumhehipi	mh	h	e	0	1	1	13Sam02
tumheti	mh	h	e	0	1	1	22Khu05
tumhettha	mh	h	e	0	1	1	19Khu02
tumhevadāni	mh	h	e	0	1	1	04Vin04
tumheyeva	mh	h	e	0	1	1	02Vin02
tumheāyasmanto	mh	h	e	0	1	1	11Ma03
tuyhesā	yh	h	e	0	1	1	21Khu04
tuyheveso	yh	h	e	0	1	1	20Khu03
tvañhettha	ñh	h	e	0	1	1	18Khu01
tvevānatthasaṃhitaṃ	tv	v	e	0	1	1	19Khu02
tvevāti	tv	v	e	0	1	1	24Khu07
ubbāḷhoti	ḷh	h	o	0	1	1	01Vin01
udakasattajīvapañho	ñh	h	o	0	1	1	28Khu11
udarasaṃyatapañho	ñh	h	o	0	1	1	28Khu11
udayapañhe	ñh	h	e	0	1	1	15An01
uddhatasallo	ll	l	o	1	1	1	24Khu07
uddhaṭasallo	ll	l	o	1	1	1	27khu10
ukkarasveva	sv	v	e	0	1	1	15An01
ulloke	ll	l	o	1	1	1	04Vin04
ullokentī	ll	l	o	1	1	1	10Ma02
ullokesiṃ	ll	l	o	1	1	1	20Khu03
ulloketabbā	ll	l	o	1	1	1	17An03
ulloketi	ll	l	o	1	1	1	10Ma02
ullokeyyāsi	ll	l	o	1	1	1	16An02
ulūkaṅgapañho	ñh	h	o	0	1	1	28Khu11
undūraṅgapañho	ñh	h	o	0	1	1	28Khu11
upacikaṅgapañho	ñh	h	o	0	1	1	28Khu11
uparūḷhesu	ḷh	h	e	0	1	1	22Khu05
upasampadāpañho	ñh	h	o	0	1	1	28Khu11
uppajjanapañho	ñh	h	o	0	1	1	28Khu11
uppajjatijānanapañho	ñh	h	o	0	1	1	28Khu11
uppāṭitasallo	ll	l	o	1	1	1	24Khu07
uttarakurukādigamanapañho	ñh	h	o	0	1	1	28Khu11
uttarasve	sv	v	e	0	1	1	15An01
uttarikaraṇīyapañho	ñh	h	o	0	1	1	28Khu11
uttaritve	tv	v	e	0	1	1	20Khu03
uyyodhikampi	yy	y	o	1	1	1	02Vin02
uyyodhikasikkhāpada	yy	y	o	1	1	1	02Vin02
uyyodhikasikkhāpadaṃ	yy	y	o	1	1	1	02Vin02
uyyodhikā	yy	y	o	1	1	1	17An03
uyyogamukhe	yy	y	o	1	1	1	18Khu01
uyyojanasikkhāpada	yy	y	o	1	1	1	02Vin02
uyyojanasikkhāpadaṃ	yy	y	o	1	1	1	02Vin02
uyyojanaṃ	yy	y	o	1	1	1	04Vin04
uyyojemi	yy	y	o	1	1	1	13Sam02
uyyojentassa	yy	y	o	1	1	1	05Vin05
uyyojento	yy	y	o	1	1	1	05Vin05
uyyojessasi	yy	y	o	1	1	1	02Vin02
uyyojessati	yy	y	o	1	1	1	02Vin02
uyyojesīti	yy	y	o	1	1	1	02Vin02
uyyojetabbā	yy	y	o	1	1	1	02Vin02
uyyojetuṃ	yy	y	o	1	1	1	02Vin02
uyyojetvāna	yy	y	o	1	1	1	20Khu03
uyyojetīti	yy	y	o	1	1	1	02Vin02
uyyojetū	yy	y	o	1	1	1	01Vin01
uyyojitaṃ	yy	y	o	1	1	1	28Khu11
uyyojite	yy	y	o	1	1	1	05Vin05
uyyojīyamāno	yy	y	o	1	1	1	02Vin02
uḍḍayheyya	yh	h	e	0	1	1	31Abhi03
uṇhabhāvapañho	ñh	h	o	0	1	1	28Khu11
uṇhesu	ṇh	h	e	0	1	1	19Khu02
uṇhodakamapucchisuṃ	ṇh	h	o	0	1	1	21Khu04
uṇhodakapaṭiggahaṃ	ṇh	h	o	0	1	1	20Khu03
uṇhodakasmiṃ	ṇh	h	o	0	1	1	23Khu06
uṇhodakassa	ṇh	h	o	0	1	1	12Sam01
vadhabandhapariklesaṃ	kl	l	e	0	1	1	19Khu02
vagguliṅgapañho	ñh	h	o	0	1	1	28Khu11
vantasallo	ll	l	o	1	1	1	24Khu07
varāhaṅgapañho	ñh	h	o	0	1	1	28Khu11
vasamanvetu	nv	v	e	0	1	1	22Khu05
vassagaṇanapañho	ñh	h	o	0	1	1	28Khu11
vatthaguyhanidassanapañho	ñh	h	o	0	1	1	28Khu11
vaṃsaṅgapañho	ñh	h	o	0	1	1	28Khu11
vaṇṇabhaṇanapañho	ñh	h	o	0	1	1	28Khu11
vedanālakkhaṇapañho	ñh	h	o	0	1	1	28Khu11
vedanāpañho	ñh	h	o	0	1	1	28Khu11
venateyyena	yy	y	e	1	1	1	24Khu07
vessantarapañho	ñh	h	o	0	1	1	28Khu11
vicchikaṅgapañho	ñh	h	o	0	1	1	28Khu11
vicāralakkhaṇapañho	ñh	h	o	0	1	1	28Khu11
vimaticchedanapañhoti	ñh	h	o	0	1	1	28Khu11
vineyye	yy	y	e	1	1	1	21Khu04
vināmetvādve	dv	v	e	0	1	1	03Vin03
vipattīnaṃdve	dv	v	e	0	1	1	05Vin05
visallobhavati	ll	l	o	1	1	1	27khu10
visamanveti	nv	v	e	0	1	1	18Khu01
visaṭṭhavākyo	ky	y	o	0	1	1	23Khu06
vitakkalakkhaṇapañho	ñh	h	o	0	1	1	28Khu11
vitakkuṇhodakena	ṇh	h	o	0	1	1	01Vin01
viññāṇalakkhaṇapañho	ñh	h	o	0	1	1	28Khu11
viññāṇanānatthapañho	ñh	h	o	0	1	1	28Khu11
viññāṇaṃtveva	tv	v	e	0	1	1	09Ma01
vuyheyya	yh	h	e	0	1	1	24Khu07
vuḷho	ḷh	h	o	0	1	1	03Vin03
vāyasaṅgapañho	ñh	h	o	0	1	1	28Khu11
vāyotveva	tv	v	e	0	1	1	16An02
vāyuṅgapañho	ñh	h	o	0	1	1	28Khu11
vāyāmakaraṇapañho	ñh	h	o	0	1	1	28Khu11
vīmaṃsanapañho	ñh	h	o	0	1	1	28Khu11
vīmaṃsāsamādhipadhānasaṅkhārotveva	tv	v	e	0	1	1	30Abhi02
vīriyalakkhaṇapañho	ñh	h	o	0	1	1	28Khu11
vīriyasamādhipadhānasaṅkhārotveva	tv	v	e	0	1	1	30Abhi02
yakkhapañho	ñh	h	o	0	1	1	28Khu11
yamhokāse	mh	h	o	0	1	1	21Khu04
yathāmūḷhena	ḷh	h	e	0	1	1	08Di03
yebhuyyenadevamanussā	yy	y	e	1	1	1	24Khu07
yenasallena	ll	l	e	1	1	1	24Khu07
yenayyo	yy	y	o	1	1	1	15An01
yogikathāpañhoti	ñh	h	o	0	1	1	28Khu11
ñeyyo	yy	y	o	1	1	1	27khu10
ñāṇapaññāpañho	ñh	h	o	0	1	1	28Khu11
ñāṇavekallena	ll	l	e	1	1	1	27khu10
ācariyānācariyapañho	ñh	h	o	0	1	1	28Khu11
ācārasīlaguṇavattapaṭipattisallekhadhutaguṇena	ll	l	e	1	1	1	28Khu11
ādevaneyye	yy	y	e	1	1	1	24Khu07
ādeyyo	yy	y	o	1	1	1	20Khu03
ādiyyeyyaṃ	yy	y	e	1	1	1	14Sam03
āhuneyye	yy	y	e	1	1	1	16An02
āhuneyyena	yy	y	e	1	1	1	17An03
ājāneyyo	yy	y	o	1	1	1	20Khu03
ākāravatītveva	tv	v	e	0	1	1	10Ma02
ākāsaṅgapañho	ñh	h	o	0	1	1	28Khu11
āpajjiṃdvemāsappaṭicchannāyo	dv	v	e	0	1	1	04Vin04
āpattīnaṃdvemāsappaṭicchannānaṃ	dv	v	e	0	1	1	04Vin04
āpaṅgapañho	ñh	h	o	0	1	1	28Khu11
āpotveva	tv	v	e	0	1	1	16An02
āruḷhena	ḷh	h	e	0	1	1	02Vin02
āsevanedve	dv	v	e	0	1	1	36Abhi08
āyatapamhe	mh	h	e	0	1	1	19Khu02
āḷārapamhe	mh	h	e	0	1	1	19Khu02
ḷho	ḷh	h	o	0	1	1	13Sam02
ṇhodakena	ṇh	h	o	0	1	1	23Khu06
