token	cluster	hits	ปริวรรต1	ปริวรรต2	diff
dve	dve	8363	ทฺเว	เทฺว	1
tumhe	mhe	950	ตุมฺเห	ตุเมฺห	1
tveva	tve	311	ตฺเวว	เตฺวว	1
dvepi	dve	199	ทฺเวปิ	เทฺวปิ	1
amhe	mhe	100	อมฺเห	อเมฺห	1
amhehi	mhe	68	อมฺเหหิ	อเมฺหหิ	1
sveva	sve	284	สฺเวว	เสฺวว	1
pañhe	ñhe	76	ปญฺเห	ปเญฺห	1
asammūḷho	ḷho	42	อสมฺมูฬฺโห	อสมฺมูโฬฺห	1
sammūḷho	ḷho	42	สมฺมูฬฺโห	สมฺมูโฬฺห	1
tumhehi	mhe	54	ตุมฺเหหิ	ตุเมฺหหิ	1
pañho	ñho	179	ปญฺโห	ปโญฺห	1
aññatreva	tre	88	อญฺญตฺเรว	อญฺญเตฺรว	1
nigrodhārāme	gro	37	นิคฺโรธาราเม	นิโคฺรธาราเม	1
mūḷho	ḷho	60	มูฬฺโห	มูโฬฺห	1
kaṇho	ṇho	53	กณฺโห	กโณฺห	1
gaṇheyya	ṇhe	36	คณฺเหยฺย	คเณฺหยฺย	1
dvemā	dve	49	ทฺเวมา	เทฺวมา	1
paṭiggaṇheyya	ṇhe	46	ปฏิคฺคณฺเหยฺย	ปฏิคฺคเณฺหยฺย	1
bhadrena	dre	28	ภทฺเรน	ภเทฺรน	1
natveva	tve	21	นตฺเวว	นเตฺวว	1
dveme	dve	133	ทฺเวเม	เทฺวเม	1
saṇhena	ṇhe	37	สณฺเหน	สเณฺหน	1
sve	sve	23	สฺเว	เสฺว	1
bhadro	dro	79	ภทฺโร	ภโทฺร	1
pañhena	ñhe	56	ปญฺเหน	ปเญฺหน	1
tiṇhena	ṇhe	46	ติณฺเหน	ติเณฺหน	1
uṇhe	ṇhe	46	อุณฺเห	อุเณฺห	1
tumhepi	mhe	41	ตุมฺเหปิ	ตุเมฺหปิ	1
nigrodho	gro	33	นิคฺโรโธ	นิโคฺรโธ	1
dveva	dve	30	ทฺเวว	เทฺวว	1
gārayho	yho	125	คารยฺโห	คารโยฺห	1
vītataṇho	ṇho	45	วีตตณฺโห	วีตตโณฺห	1
samupabyūḷho	ḷho	20	สมุปพฺยูฬฺโห	สมุปพฺยูโฬฺห	1
tvevāhaṃ	tve	20	ตฺเววาหํ	เตฺววาหํ	1
amhesu	mhe	16	อมฺเหสุ	อเมฺหสุ	1
avigatataṇho	ṇho	15	อวิคตตณฺโห	อวิคตตโณฺห	1
uṇhena	ṇhe	25	อุณฺเหน	อุเณฺหน	1
tumheva	mhe	11	ตุมฺเหว	ตุเมฺหว	1
nigrodhārāma	gro	7	นิคฺโรธาราม	นิโคฺรธาราม	1
tatreva	tre	52	ตตฺเรว	ตเตฺรว	1
khvettha	khve	22	ขฺเวตฺถ	เขฺวตฺถ	1
tuyheva	yhe	15	ตุยฺเหว	ตุเยฺหว	1
dvedhāpatho	dve	13	ทฺเวธาปโถ	เทฺวธาปโถ	1
dvedhā	dve	11	ทฺเวธา	เทฺวธา	1
ajapālanigrodhe	gro	10	อชปาลนิคฺโรเธ	อชปาลนิโคฺรเธ	1
daḷhena	ḷhe	10	ทฬฺเหน	ทเฬฺหน	1
vigatataṇho	ṇho	10	วิคตตณฺโห	วิคตตโณฺห	1
dveyeva	dve	7	ทฺเวเยว	เทฺวเยว	1
avijjāyatveva	tve	6	อวิชฺชายตฺเวว	อวิชฺชายเตฺวว	1
anveti	nve	32	อนฺเวติ	อเนฺวติ	1
samārūḷho	ḷho	30	สมารูฬฺโห	สมารูโฬฺห	1
juṇhe	ṇhe	26	ชุณฺเห	ชุเณฺห	1
saṇho	ṇho	17	สณฺโห	สโณฺห	1
gimhe	mhe	16	คิมฺเห	คิเมฺห	1
dveḷhakaṃ	dve	12	ทฺเวฬฺหกํ	เทฺวฬฺหกํ	1
khvetaṃ	khve	12	ขฺเวตํ	เขฺวตํ	1
uṇhodakaṃ	ṇho	10	อุณฺโหทกํ	อุโณฺหทกํ	1
anventi	nve	9	อนฺเวนฺติ	อเนฺวนฺติ	1
amhepi	mhe	6	อมฺเหปิ	อเมฺหปิ	1
tāsveva	sve	6	ตาสฺเวว	ตาเสฺวว	1
dveti	dve	5	ทฺเวติ	เทฺวติ	1
nigrodha	gro	116	นิคฺโรธ	นิโคฺรธ	1
bhadrehi	dre	24	ภทฺเรหิ	ภเทฺรหิ	1
sāḷho	ḷho	19	สาฬฺโห	สาโฬฺห	1
abbūḷhesiko	ḷhe	18	อพฺพูฬฺเหสิโก	อพฺพูเฬฺหสิโก	1
ajjaṇho	ṇho	17	อชฺชณฺโห	อชฺชโณฺห	1
amūḷho	ḷho	14	อมูฬฺโห	อมูโฬฺห	1
dvenavuti	dve	10	ทฺเวนวุติ	เทฺวนวุติ	1
daḷhe	ḷhe	9	ทฬฺเห	ทเฬฺห	1
dukkhamanveti	nve	9	ทุกฺขมนฺเวติ	ทุกฺขมเนฺวติ	1
evañhetaṃ	ñhe	9	เอวญฺเหตํ	เอวเญฺหตํ	1
anvesaṃ	nve	8	อนฺเวสํ	อเนฺวสํ	1
nigrodhaṃ	gro	8	นิคฺโรธํ	นิโคฺรธํ	1
daḷhehi	ḷhe	7	ทฬฺเหหิ	ทเฬฺหหิ	1
dvesattati	dve	7	ทฺเวสตฺตติ	เทฺวสตฺตติ	1
paggaṇhe	ṇhe	7	ปคฺคณฺเห	ปคฺคเณฺห	1
semhena	mhe	7	เสมฺเหน	เสเมฺหน	1
ārogye	gye	7	อาโรคฺเย	อาโรเคฺย	1
anvetu	nve	6	อนฺเวตุ	อเนฺวตุ	1
daḷho	ḷho	6	ทฬฺโห	ทโฬฺห	1
dhorayho	yho	5	โธรยฺโห	โธรโยฺห	1
nigrodhaparimaṇḍalo	gro	5	นิคฺโรธปริมณฺฑโล	นิโคฺรธปริมณฺฑโล	1
pañhesu	ñhe	5	ปญฺเหสุ	ปเญฺหสุ	1
tatrekacce	tre	5	ตตฺเรกจฺเจ	ตเตฺรกเจฺจ	1
tesveva	sve	4	เตสฺเวว	เตเสฺวว	1
asaṅkhyeyyo	ṅkhye	30	อสงฺขฺเยยฺโย	อสเงฺขฺยโยฺย	1
dvemāni	dve	26	ทฺเวมานิ	เทฺวมานิ	1
korabyo	byo	21	โกรพฺโย	โกรโพฺย	1
tuyhevetaṃ	yhe	16	ตุยฺเหเวตํ	ตุเยฺหเวตํ	1
vatthaguyhe	yhe	12	วตฺถคุยฺเห	วตฺถคุเยฺห	1
kaṇhe	ṇhe	11	กณฺเห	กเณฺห	1
mahāpuññakkhandhotveva	tve	11	มหาปุญฺญกฺขนฺโธตฺเวว	มหาปุญฺญกฺขโนฺธเตฺวว	1
virūḷhe	ḷhe	10	วิรูฬฺเห	วิรูเฬฺห	1
pagāḷho	ḷho	9	ปคาฬฺโห	ปคาโฬฺห	1
byamhe	mhe	8	พฺยมฺเห	พฺยเมฺห	1
uṇhenapi	ṇhe	8	อุณฺเหนปิ	อุเณฺหนปิ	1
chasvevābhijātīsu	sve	7	ฉสฺเววาภิชาตีสุ	ฉเสฺววาภิชาตีสุ	1
cittaklesehi	kle	7	จิตฺตกฺเลเสหิ	จิตฺตเกฺลเสหิ	1
nigrodhakappo	gro	7	นิคฺโรธกปฺโป	นิโคฺรธกโปฺป	1
nigrodhā	gro	7	นิคฺโรธา	นิโคฺรธา	1
sakyesu	kye	7	สกฺเยสุ	สเกฺยสุ	1
uggaṇheyya	ṇhe	7	อุคฺคณฺเหยฺย	อุคฺคเณฺหยฺย	1
gūḷho	ḷho	6	คูฬฺโห	คูโฬฺห	1
maṇḍabyo	byo	6	มณฺฑพฺโย	มณฺฑโพฺย	1
gaṇhe	ṇhe	5	คณฺเห	คเณฺห	1
niggaṇheyya	ṇhe	5	นิคฺคณฺเหยฺย	นิคฺคเณฺหยฺย	1
purisadhorayho	yho	5	ปุริสโธรยฺโห	ปุริสโธรโยฺห	1
sakye	kye	5	สกฺเย	สเกฺย	1
tumhesu	mhe	5	ตุมฺเหสุ	ตุเมฺหสุ	1
udakakkhandhotveva	tve	5	อุทกกฺขนฺโธตฺเวว	อุทกกฺขโนฺธเตฺวว	1
vākyena	kye	5	วากฺเยน	วาเกฺยน	1
bahvettha	hve	4	พหฺเวตฺถ	พเหฺวตฺถ	1
kappayavho	vho	4	กปฺปยวฺโห	กปฺปยโวฺห	1
kosohitavatthaguyho	yho	4	โกโสหิตวตฺถคุยฺโห	โกโสหิตวตฺถคุโยฺห	1
pahūtajivho	vho	4	ปหูตชิวฺโห	ปหูตชิโวฺห	1
pariyogāḷhena	ḷhe	4	ปริโยคาฬฺเหน	ปริโยคาเฬฺหน	1
samanvesaṃ	nve	4	สมนฺเวสํ	สมเนฺวสํ	1
ubbāḷho	ḷho	4	อุพฺพาฬฺโห	อุพฺพาโฬฺห	1
uṇho	ṇho	4	อุณฺโห	อุโณฺห	1
ajjhogāḷho	ḷho	3	อชฺโฌคาฬฺโห	อโชฺฌคาโฬฺห	1
dvesatāni	dve	3	ทฺเวสตานิ	เทฺวสตานิ	1
dveḷhakajātā	dve	3	ทฺเวฬฺหกชาตา	เทฺวฬฺหกชาตา	1
karaṇḍātveva	tve	3	กรณฺฑาตฺเวว	กรณฺฑาเตฺวว	1
kosiyātveva	tve	3	โกสิยาตฺเวว	โกสิยาเตฺวว	1
muñjamhātveva	tve	3	มุญฺชมฺหาตฺเวว	มุญฺชมฺหาเตฺวว	1
nigrodhasseva	gro	3	นิคฺโรธสฺเสว	นิโคฺรธเสฺสว	1
samupabbūḷho	ḷho	3	สมุปพฺพูฬฺโห	สมุปพฺพูโฬฺห	1
samūpabbūḷho	ḷho	3	สมูปพฺพูฬฺโห	สมูปพฺพูโฬฺห	1
subhantveva	ntve	3	สุภนฺตฺเวว	สุภเนฺตฺวว	1
dvenavute	dve	50	ทฺเวนวุเต	เทฺวนวุเต	1
sīlesvevassa	sve	27	สีเลสฺเววสฺส	สีเลเสฺววสฺส	1
ārūḷhe	ḷhe	18	อารูฬฺเห	อารูเฬฺห	1
khvesa	khve	16	ขฺเวส	เขฺวส	1
vuttañhetaṃ	ñhe	13	วุตฺตญฺเหตํ	วุตฺตเญฺหตํ	1
mūḷhena	ḷhe	11	มูฬฺเหน	มูเฬฺหน	1
atthitveva	tve	10	อตฺถิตฺเวว	อตฺถิเตฺวว	1
paggaṇheyya	ṇhe	10	ปคฺคณฺเหยฺย	ปคฺคเณฺหยฺย	1
samanvesati	nve	10	สมนฺเวสติ	สมเนฺวสติ	1
samaṇotveva	tve	10	สมโณตฺเวว	สมโณเตฺวว	1
gāḷho	ḷho	9	คาฬฺโห	คาโฬฺห	1
ajapālanigrodhamūle	gro	8	อชปาลนิคฺโรธมูเล	อชปาลนิโคฺรธมูเล	1
dhammakathikotveva	tve	8	ธมฺมกถิโกตฺเวว	ธมฺมกถิโกเตฺวว	1
dvedhikajātā	dve	8	ทฺเวธิกชาตา	เทฺวธิกชาตา	1
paṇhe	ṇhe	8	ปณฺเห	ปเณฺห	1
saṇhehi	ṇhe	8	สณฺเหหิ	สเณฺหหิ	1
advejjhaṃ	dve	7	อทฺเวชฺฌํ	อเทฺวชฺฌํ	1
ahuvamheva	mhe	7	อหุวมฺเหว	อหุวเมฺหว	1
akaramheva	mhe	7	อกรมฺเหว	อกรเมฺหว	1
dveḷhakapucchā	dve	7	ทฺเวฬฺหกปุจฺฉา	เทฺวฬฺหกปุจฺฉา	1
gaṇheyyaṃ	ṇhe	7	คณฺเหยฺยํ	คเณฺหยฺยํ	1
duppariyogāḷho	ḷho	6	ทุปฺปริโยคาฬฺโห	ทุปฺปริโยคาโฬฺห	1
niggaṇhe	ṇhe	6	นิคฺคณฺเห	นิคฺคเณฺห	1
panamhehi	mhe	6	ปนมฺเหหิ	ปนเมฺหหิ	1
paṭiggaṇheyyāti	ṇhe	6	ปฏิคฺคณฺเหยฺยาติ	ปฏิคฺคเณฺหยฺยาติ	1
advejjhavacanaṃ	dve	5	อทฺเวชฺฌวจนํ	อเทฺวชฺฌวจนํ	1
adveḷhakavacanaṃ	dve	5	อทฺเวฬฺหกวจนํ	อเทฺวฬฺหกวจนํ	1
asubhantveva	ntve	5	อสุภนฺตฺเวว	อสุภเนฺตฺวว	1
jimheyyāni	mhe	5	ชิมฺเหยฺยานิ	ชิเมฺหยฺยานิ	1
mīḷhena	ḷhe	5	มีฬฺเหน	มีเฬฺหน	1
nigrodhameva	gro	5	นิคฺโรธเมว	นิโคฺรธเมว	1
osadhyo	dhyo	5	โอสธฺโย	โอสโธฺย	1
paṭiggaṇheyyuṃ	ṇhe	5	ปฏิคฺคณฺเหยฺยุํ	ปฏิคฺคเณฺหยฺยุํ	1
sukhamanveti	nve	5	สุขมนฺเวติ	สุขมเนฺวติ	1
uṇhodakena	ṇho	5	อุณฺโหทเกน	อุโณฺหทเกน	1
vihārotveva	tve	5	วิหาโรตฺเวว	วิหาโรเตฺวว	1
abhiniggaṇheyya	ṇhe	4	อภินิคฺคณฺเหยฺย	อภินิคฺคเณฺหยฺย	1
ajapālanigrodho	gro	4	อชปาลนิคฺโรโธ	อชปาลนิโคฺรโธ	1
anuggaṇheyyan	ṇhe	4	อนุคฺคณฺเหยฺยนฺ	อนุคฺคเณฺหยฺยนฺ	1
avañjhānitvevāhaṃ	tve	4	อวญฺฌานิตฺเววาหํ	อวญฺฌานิเตฺววาหํ	1
avirūḷhe	ḷhe	4	อวิรูฬฺเห	อวิรูเฬฺห	1
dussīlyena	lye	4	ทุสฺสีลฺเยน	ทุสฺสีเลฺยน	1
dveḷhakajāto	dve	4	ทฺเวฬฺหกชาโต	เทฺวฬฺหกชาโต	1
jarāmaraṇamanventi	nve	4	ชรามรณมนฺเวนฺติ	ชรามรณมเนฺวนฺติ	1
mahānigrodho	gro	4	มหานิคฺโรโธ	มหานิโคฺรโธ	1
māgaṇḍiyapañhe	ñhe	4	มาคณฺฑิยปญฺเห	มาคณฺฑิยปเญฺห	1
mūḷhosi	ḷho	4	มูฬฺโหสิ	มูโฬฺหสิ	1
nigrodharājaṃ	gro	4	นิคฺโรธราชํ	นิโคฺรธราชํ	1
nittaṇho	ṇho	4	นิตฺตณฺโห	นิตฺตโณฺห	1
paribyūḷho	ḷho	4	ปริพฺยูฬฺโห	ปริพฺยูโฬฺห	1
pañheti	ñhe	4	ปญฺเหติ	ปเญฺหติ	1
paṭiggaṇheyyāsi	ṇhe	4	ปฏิคฺคณฺเหยฺยาสิ	ปฏิคฺคเณฺหยฺยาสิ	1
samupabyūḷhe	ḷhe	4	สมุปพฺยูฬฺเห	สมุปพฺยูเฬฺห	1
tuyhettha	yhe	4	ตุยฺเหตฺถ	ตุเยฺหตฺถ	1
yathāmūḷhe	ḷhe	4	ยถามูฬฺเห	ยถามูเฬฺห	1
āgāḷhenapi	ḷhe	4	อาคาฬฺเหนปิ	อาคาเฬฺหนปิ	1
abhiniggaṇheyyaṃ	ṇhe	3	อภินิคฺคณฺเหยฺยํ	อภินิคฺคเณฺหยฺยํ	1
abhiruḷhe	ḷhe	3	อภิรุฬฺเห	อภิรุเฬฺห	1
abyositattā	byo	3	อพฺโยสิตตฺตา	อโพฺยสิตตฺตา	1
advejjhavacanā	dve	3	อทฺเวชฺฌวจนา	อเทฺวชฺฌวจนา	1
anvesanto	nve	3	อนฺเวสนฺโต	อเนฺวสโนฺต	1
atulyo	lyo	3	อตุลฺโย	อตุโลฺย	1
bhadre	dre	3	ภทฺเร	ภเทฺร	1
bālamanveti	nve	3	พาลมนฺเวติ	พาลมเนฺวติ	1
cattataṇho	ṇho	3	จตฺตตณฺโห	จตฺตตโณฺห	1
dvecattālīsa	dve	3	ทฺเวจตฺตาลีส	เทฺวจตฺตาลีส	1
dvedhāpathaṃ	dve	3	ทฺเวธาปถํ	เทฺวธาปถํ	1
itveva	tve	3	อิตฺเวว	อิเตฺวว	1
mantavho	vho	3	มนฺตวฺโห	มนฺตโวฺห	1
manveti	nve	3	มนฺเวติ	มเนฺวติ	1
milindapañho	ñho	3	มิลินฺทปญฺโห	มิลินฺทปโญฺห	1
muttataṇho	ṇho	3	มุตฺตตณฺโห	มุตฺตตโณฺห	1
nigrodhasmiṃ	gro	3	นิคฺโรธสฺมิํ	นิโคฺรธสฺมิํ	1
ogāḷho	ḷho	3	โอคาฬฺโห	โอคาโฬฺห	1
pahīnataṇho	ṇho	3	ปหีนตณฺโห	ปหีนตโณฺห	1
pavāḷho	ḷho	3	ปวาฬฺโห	ปวาโฬฺห	1
paṭinissaṭṭhataṇho	ṇho	3	ปฏินิสฺสฏฺฐตณฺโห	ปฏินิสฺสฏฺฐตโณฺห	1
ratyo	tyo	3	รตฺโย	รโตฺย	1
sataṇho	ṇho	3	สตณฺโห	สตโณฺห	1
sattannaṃtveva	tve	3	สตฺตนฺนํตฺเวว	สตฺตนฺนํเตฺวว	1
saṇhenāyasmā	ṇhe	3	สณฺเหนายสฺมา	สเณฺหนายสฺมา	1
suddhadvebhāgā	dve	3	สุทฺธทฺเวภาคา	สุทฺธเทฺวภาคา	1
svedāni	sve	3	สฺเวทานิ	เสฺวทานิ	1
svepi	sve	3	สฺเวปิ	เสฺวปิ	1
tuyheso	yhe	3	ตุยฺเหโส	ตุเยฺหโส	1
vantataṇho	ṇho	3	วนฺตตณฺโห	วนฺตตโณฺห	1
vihārotveveso	tve	3	วิหาโรตฺเวเวโส	วิหาโรเตฺวเวโส	1
virūḷho	ḷho	3	วิรูฬฺโห	วิรูโฬฺห	1
abbuḷhesiko	ḷhe	2	อพฺพุฬฺเหสิโก	อพฺพุเฬฺหสิโก	1
anvesi	nve	2	อนฺเวสิ	อเนฺวสิ	1
asayho	yho	2	อสยฺโห	อสโยฺห	1
asaṅkhyeyo	ṅkhye	2	อสงฺขฺเยโย	อสเงฺขฺยโย	1
avheti	vhe	2	อวฺเหติ	อเวฺหติ	1
byādhippabāḷho	ḷho	2	พฺยาธิปฺปพาฬฺโห	พฺยาธิปฺปพาโฬฺห	1
dhanamanveti	nve	2	ธนมนฺเวติ	ธนมเนฺวติ	1
dvepaññāsamo	dve	2	ทฺเวปญฺญาสโม	เทฺวปญฺญาสโม	1
dvijivho	vho	2	ทฺวิชิวฺโห	ทฺวิชิโวฺห	1
gaṇheyyuṃ	ṇhe	2	คณฺเหยฺยุํ	คเณฺหยฺยุํ	1
gomayaggitveva	tve	2	โคมยคฺคิตฺเวว	โคมยคฺคิเตฺวว	1
kaṭṭhaggitveva	tve	2	กฏฺฐคฺคิตฺเวว	กฏฺฐคฺคิเตฺวว	1
kvettha	kve	2	กฺเวตฺถ	เกฺวตฺถ	1
manopañhe	ñhe	2	มโนปญฺเห	มโนปเญฺห	1
manussesvetaṃ	sve	2	มนุสฺเสสฺเวตํ	มนุเสฺสเสฺวตํ	1
mittāmaccaparibyūḷho	ḷho	2	มิตฺตามจฺจปริพฺยูฬฺโห	มิตฺตามจฺจปริพฺยูโฬฺห	1
mūḷhoti	ḷho	2	มูฬฺโหติ	มูโฬฺหติ	1
natvevāhaṃ	tve	2	นตฺเววาหํ	นเตฺววาหํ	1
nigrodhassa	gro	2	นิคฺโรธสฺส	นิโคฺรธสฺส	1
nigrodhārāmo	gro	2	นิคฺโรธาราโม	นิโคฺรธาราโม	1
paggaṇheyyuṃ	ṇhe	2	ปคฺคณฺเหยฺยุํ	ปคฺคเณฺหยฺยุํ	1
paribbūḷho	ḷho	2	ปริพฺพูฬฺโห	ปริพฺพูโฬฺห	1
passavho	vho	2	ปสฺสวฺโห	ปสฺสโวฺห	1
pucchavho	vho	2	ปุจฺฉวฺโห	ปุจฺฉโวฺห	1
pārāyaṇaṃtveva	tve	2	ปารายณํตฺเวว	ปารายณํเตฺวว	1
sakalikaggitveva	tve	2	สกลิกคฺคิตฺเวว	สกลิกคฺคิเตฺวว	1
tatrekassa	tre	2	ตตฺเรกสฺส	ตเตฺรกสฺส	1
tiṇaggitveva	tve	2	ติณคฺคิตฺเวว	ติณคฺคิเตฺวว	1
uggaṇhe	ṇhe	2	อุคฺคณฺเห	อุคฺคเณฺห	1
uggaṇheyyāti	ṇhe	2	อุคฺคณฺเหยฺยาติ	อุคฺคเณฺหยฺยาติ	1
ārambhavho	vho	2	อารมฺภวฺโห	อารมฺภโวฺห	1
dvemāsappaṭicchannānaṃ	dve	94	ทฺเวมาสปฺปฏิจฺฉนฺนานํ	เทฺวมาสปฺปฏิจฺฉนฺนานํ	1
dvemāsaparivāsaṃ	dve	92	ทฺเวมาสปริวาสํ	เทฺวมาสปริวาสํ	1
dvemāsappaṭicchannāyo	dve	71	ทฺเวมาสปฺปฏิจฺฉนฺนาโย	เทฺวมาสปฺปฏิจฺฉนฺนาโย	1
dvemāsappaṭicchannāya	dve	69	ทฺเวมาสปฺปฏิจฺฉนฺนาย	เทฺวมาสปฺปฏิจฺฉนฺนาย	1
subhakiṇhe	ṇhe	13	สุภกิณฺเห	สุภกิเณฺห	1
asaṅkhyeyyehi	ṅkhye	12	อสงฺขฺเยยฺเยหิ	อสเงฺขฺยเยฺยหิ	1
atthitvevassa	tve	9	อตฺถิตฺเววสฺส	อตฺถิเตฺววสฺส	1
mayhevekassa	yhe	9	มยฺเหเวกสฺส	มเยฺหเวกสฺส	1
aṅgantveva	ntve	8	องฺคนฺตฺเวว	องฺคเนฺตฺวว	1
dvevācikaṃ	dve	8	ทฺเววาจิกํ	เทฺววาจิกํ	1
gāḷhena	ḷhe	8	คาฬฺเหน	คาเฬฺหน	1
kālaṅkatotveva	tve	8	กาลงฺกโตตฺเวว	กาลงฺกโตเตฺวว	1
bhinnājīvotveva	tve	7	ภินฺนาชีโวตฺเวว	ภินฺนาชีโวเตฺวว	1
dibyo	byo	7	ทิพฺโย	ทิโพฺย	1
dvepañcaviññāṇāni	dve	7	ทฺเวปญฺจวิญฺญาณานิ	เทฺวปญฺจวิญฺญาณานิ	1
dvete	dve	7	ทฺเวเต	เทฺวเต	1
anusetvevassa	tve	6	อนุเสตฺเววสฺส	อนุเสเตฺววสฺส	1
attapaṭilābhotveva	tve	6	อตฺตปฏิลาโภตฺเวว	อตฺตปฏิลาโภเตฺวว	1
aṅgaṃtveva	tve	6	องฺคํตฺเวว	องฺคํเตฺวว	1
dvecattālīsaṃ	dve	6	ทฺเวจตฺตาลีสํ	เทฺวจตฺตาลีสํ	1
nigrodharājassa	gro	6	นิคฺโรธราชสฺส	นิโคฺรธราชสฺส	1
nissaraṇañhetaṃ	ñhe	6	นิสฺสรณญฺเหตํ	นิสฺสรณเญฺหตํ	1
vūḷho	ḷho	6	วูฬฺโห	วูโฬฺห	1
caṇḍotveva	tve	5	จณฺโฑตฺเวว	จโณฺฑเตฺวว	1
dvetisso	dve	5	ทฺเวติสฺโส	เทฺวติโสฺส	1
nigrodharājā	gro	5	นิคฺโรธราชา	นิโคฺรธราชา	1
sammuyheyyāti	yhe	5	สมฺมุยฺเหยฺยาติ	สมฺมุเยฺหยฺยาติ	1
soratotveva	tve	5	โสรโตตฺเวว	โสรโตเตฺวว	1
ajitapañhe	ñhe	4	อชิตปญฺเห	อชิตปเญฺห	1
amheva	mhe	4	อมฺเหว	อเมฺหว	1
asaṅkhyeyye	ṅkhye	4	อสงฺขฺเยยฺเย	อสเงฺขฺยเยฺย	1
dvedhāvitakkasutta	dve	4	ทฺเวธาวิตกฺกสุตฺต	เทฺวธาวิตกฺกสุตฺต	1
dvejjhā	dve	4	ทฺเวชฺฌา	เทฺวชฺฌา	1
dāsyo	syo	4	ทาสฺโย	ทาโสฺย	1
lokacitresu	tre	4	โลกจิตฺเรสุ	โลกจิเตฺรสุ	1
mayhete	yhe	4	มยฺเหเต	มเยฺหเต	1
nigrodharāje	gro	4	นิคฺโรธราเช	นิโคฺรธราเช	1
pagāḷhoti	ḷho	4	ปคาฬฺโหติ	ปคาโฬฺหติ	1
paridevayavho	vho	4	ปริเทวยวฺโห	ปริเทวยโวฺห	1
saṅkhyeyyapariveṇe	ṅkhye	4	สงฺขฺเยยฺยปริเวเณ	สเงฺขฺยยฺยปริเวเณ	1
sukhamanvetīti	nve	4	สุขมนฺเวตีติ	สุขมเนฺวตีติ	1
svevāyaṃ	sve	4	สฺเววายํ	เสฺววายํ	1
uttarakuruvho	vho	4	อุตฺตรกุรุวฺโห	อุตฺตรกุรุโวฺห	1
vasamanventi	nve	4	วสมนฺเวนฺติ	วสมเนฺวนฺติ	1
amhehete	mhe	3	อมฺเหเหเต	อเมฺหเหเต	1
anuggaṇheyya	ṇhe	3	อนุคฺคณฺเหยฺย	อนุคฺคเณฺหยฺย	1
athakhvetaṃ	khve	3	อถขฺเวตํ	อถเขฺวตํ	1
bhadropi	dro	3	ภทฺโรปิ	ภโทฺรปิ	1
bhikkhusaṃghaparibyūḷho	ḷho	3	ภิกฺขุสํฆปริพฺยูฬฺโห	ภิกฺขุสํฆปริพฺยูโฬฺห	1
dhammānaṃtveva	tve	3	ธมฺมานํตฺเวว	ธมฺมานํเตฺวว	1
duggaṇho	ṇho	3	ทุคฺคณฺโห	ทุคฺคโณฺห	1
dvekhandhe	dve	3	ทฺเวขนฺเธ	เทฺวขเนฺธ	1
dveko	dve	3	ทฺเวโก	เทฺวโก	1
dverataniyo	dve	3	ทฺเวรตนิโย	เทฺวรตนิโย	1
dvevassaṃ	dve	3	ทฺเววสฺสํ	เทฺววสฺสํ	1
dvevācikā	dve	3	ทฺเววาจิกา	เทฺววาจิกา	1
dvevācikāya	dve	3	ทฺเววาจิกาย	เทฺววาจิกาย	1
dvāramūḷhohaṃ	ḷho	3	ทฺวารมูฬฺโหหํ	ทฺวารมูโฬฺหหํ	1
ekapañheneva	ñhe	3	เอกปญฺเหเนว	เอกปเญฺหเนว	1
gahanañhetaṃ	ñhe	3	คหนญฺเหตํ	คหนเญฺหตํ	1
gandhānaṃtveva	tve	3	คนฺธานํตฺเวว	คนฺธานํเตฺวว	1
gayheyyāma	yhe	3	คยฺเหยฺยาม	คเยฺหยฺยาม	1
hatthārūḷhe	ḷhe	3	หตฺถารูฬฺเห	หตฺถารูเฬฺห	1
kaṇhehi	ṇhe	3	กณฺเหหิ	กเณฺหหิ	1
manvesaṃ	nve	3	มนฺเวสํ	มเนฺวสํ	1
modathavho	vho	3	โมทถวฺโห	โมทถโวฺห	1
nigrodhakappena	gro	3	นิคฺโรธกปฺเปน	นิโคฺรธกเปฺปน	1
nāmhe	mhe	3	นามฺเห	นาเมฺห	1
phoṭṭhabbānaṃtveva	tve	3	โผฏฺฐพฺพานํตฺเวว	โผฏฺฐพฺพานํเตฺวว	1
purisanāvutyo	tyo	3	ปุริสนาวุตฺโย	ปุริสนาวุโตฺย	1
rasānaṃtveva	tve	3	รสานํตฺเวว	รสานํเตฺวว	1
ruḷho	ḷho	3	รุฬฺโห	รุโฬฺห	1
rūpānaṃtveva	tve	3	รูปานํตฺเวว	รูปานํเตฺวว	1
samanvesato	nve	3	สมนฺเวสโต	สมเนฺวสโต	1
saṃklesamattano	kle	3	สํกฺเลสมตฺตโน	สํเกฺลสมตฺตโน	1
sototveva	tve	3	โสโตตฺเวว	โสโตเตฺวว	1
sotānitveva	tve	3	โสตานิตฺเวว	โสตานิเตฺวว	1
tvevassa	tve	3	ตฺเววสฺส	เตฺววสฺส	1
uttānakañhetaṃ	ñhe	3	อุตฺตานกญฺเหตํ	อุตฺตานกเญฺหตํ	1
ālasye	sye	3	อาลสฺเย	อาลเสฺย	1
amhehipi	mhe	2	อมฺเหหิปิ	อเมฺหหิปิ	1
amhehī	mhe	2	อมฺเหหี	อเมฺหหี	1
amittavasamanveti	nve	2	อมิตฺตวสมนฺเวติ	อมิตฺตวสมเนฺวติ	1
anventu	nve	2	อนฺเวนฺตุ	อเนฺวนฺตุ	1
anvesamāno	nve	2	อนฺเวสมาโน	อเนฺวสมาโน	1
anvesamānā	nve	2	อนฺเวสมานา	อเนฺวสมานา	1
anvesatī	nve	2	อนฺเวสตี	อเนฺวสตี	1
appamādavihārītveva	tve	2	อปฺปมาทวิหารีตฺเวว	อปฺปมาทวิหารีเตฺวว	1
appasayho	yho	2	อปฺปสยฺโห	อปฺปสโยฺห	1
asaṅkhyeyya	ṅkhye	2	อสงฺขฺเยยฺย	อสเงฺขฺยยฺย	1
asaṅkhyeyyena	ṅkhye	2	อสงฺขฺเยยฺเยน	อสเงฺขฺยเยฺยน	1
asaṅkhyeyyenapi	ṅkhye	2	อสงฺขฺเยยฺเยนปิ	อสเงฺขฺยเยฺยนปิ	1
asaṅkhyeyyāni	ṅkhye	2	อสงฺขฺเยยฺยานิ	อสเงฺขฺยยฺยานิ	1
atikaṇhosi	ṇho	2	อติกณฺโหสิ	อติกโณฺหสิ	1
aḷārapamhehi	mhe	2	อฬารปมฺเหหิ	อฬารปเมฺหหิ	1
aṅkusagayhe	yhe	2	องฺกุสคยฺเห	องฺกุสคเยฺห	1
bavhodake	vho	2	พวฺโหทเก	พโวฺหทเก	1
bhayamanveti	nve	2	ภยมนฺเวติ	ภยมเนฺวติ	1
bhikkhutveva	tve	2	ภิกฺขุตฺเวว	ภิกฺขุเตฺวว	1
bhogaparibyūḷho	ḷho	2	โภคปริพฺยูฬฺโห	โภคปริพฺยูโฬฺห	1
brāhmaṇotveva	tve	2	พฺราหฺมโณตฺเวว	พฺราหฺมโณเตฺวว	1
buddhasabbaññubhāvapañho	ñho	2	พุทฺธสพฺพญฺญุภาวปญฺโห	พุทฺธสพฺพญฺญุภาวปโญฺห	1
cakkasamāruḷhesu	ḷhe	2	จกฺกสมารุฬฺเหสุ	จกฺกสมารุเฬฺหสุ	1
cakkhuviññāṇaṃtveva	tve	2	จกฺขุวิญฺญาณํตฺเวว	จกฺขุวิญฺญาณํเตฺวว	1
candotveva	tve	2	จนฺโทตฺเวว	จโนฺทเตฺวว	1
corotveva	tve	2	โจโรตฺเวว	โจโรเตฺวว	1
dhāruṇhena	ṇhe	2	ธารุณฺเหน	ธารุเณฺหน	1
duppasayho	yho	2	ทุปฺปสยฺโห	ทุปฺปสโยฺห	1
dvebhikkhuvāra	dve	2	ทฺเวภิกฺขุวาร	เทฺวภิกฺขุวาร	1
dvecattārīsa	dve	2	ทฺเวจตฺตารีส	เทฺวจตฺตารีส	1
dvecattārīsanissaggiyānaṃ	dve	2	ทฺเวจตฺตารีสนิสฺสคฺคิยานํ	เทฺวจตฺตารีสนิสฺสคฺคิยานํ	1
dvecaturaṅgagāminaṃ	dve	2	ทฺเวจตุรงฺคคามินํ	เทฺวจตุรงฺคคามินํ	1
dvemāsappaṭicchannāyadvemāsaparivāsaṃ	dve	2	ทฺเวมาสปฺปฏิจฺฉนฺนายทฺเวมาสปริวาสํ	เทฺวมาสปฺปฏิจฺฉนฺนายเทฺวมาสปริวาสํ	1
dvemāsiko	dve	2	ทฺเวมาสิโก	เทฺวมาสิโก	1
dvepabbajitavatthu	dve	2	ทฺเวปพฺพชิตวตฺถุ	เทฺวปพฺพชิตวตฺถุ	1
dvepaññāsamaṃ	dve	2	ทฺเวปญฺญาสมํ	เทฺวปญฺญาสมํ	1
dvepaṇṇāsa	dve	2	ทฺเวปณฺณาส	เทฺวปณฺณาส	1
dvepuggalā	dve	2	ทฺเวปุคฺคลา	เทฺวปุคฺคลา	1
dvesattatimhito	dve	2	ทฺเวสตฺตติมฺหิโต	เทฺวสตฺตติมฺหิโต	1
dvetayo	dve	2	ทฺเวตโย	เทฺวตโย	1
dvevassasahassāyukā	dve	2	ทฺเววสฺสสหสฺสายุกา	เทฺววสฺสสหสฺสายุกา	1
dvevācikādipavāraṇā	dve	2	ทฺเววาจิกาทิปวารณา	เทฺววาจิกาทิปวารณา	1
dvevīsati	dve	2	ทฺเววีสติ	เทฺววีสติ	1
gayheyya	yhe	2	คยฺเหยฺย	คเยฺหยฺย	1
gaṇheyyapi	ṇhe	2	คณฺเหยฺยปิ	คเณฺหยฺยปิ	1
gaṇheyyāma	ṇhe	2	คณฺเหยฺยาม	คเณฺหยฺยาม	1
ghānaviññāṇaṃtveva	tve	2	ฆานวิญฺญาณํตฺเวว	ฆานวิญฺญาณํเตฺวว	1
gimheti	mhe	2	คิมฺเหติ	คิเมฺหติ	1
gomaṇḍalaparibyūḷho	ḷho	2	โคมณฺฑลปริพฺยูฬฺโห	โคมณฺฑลปริพฺยูโฬฺห	1
guyho	yho	2	คุยฺโห	คุโยฺห	1
guḷotveva	tve	2	คุโฬตฺเวว	คุโฬเตฺวว	1
jighacchādubbalyena	lye	2	ชิฆจฺฉาทุพฺพลฺเยน	ชิฆจฺฉาทุพฺพเลฺยน	1
jivhāviññāṇaṃtveva	tve	2	ชิวฺหาวิญฺญาณํตฺเวว	ชิวฺหาวิญฺญาณํเตฺวว	1
khattiyotveva	tve	2	ขตฺติโยตฺเวว	ขตฺติโยเตฺวว	1
khīṇantveva	ntve	2	ขีณนฺตฺเวว	ขีณเนฺตฺวว	1
kimhe	mhe	2	กิมฺเห	กิเมฺห	1
klesehi	kle	2	กฺเลเสหิ	เกฺลเสหิ	1
kumāripañhesu	ñhe	2	กุมาริปญฺเหสุ	กุมาริปเญฺหสุ	1
kāyaviññāṇaṃtveva	tve	2	กายวิญฺญาณํตฺเวว	กายวิญฺญาณํเตฺวว	1
labbhamamhehi	mhe	2	ลพฺภมมฺเหหิ	ลพฺภมเมฺหหิ	1
manoviññāṇaṃtveva	tve	2	มโนวิญฺญาณํตฺเวว	มโนวิญฺญาณํเตฺวว	1
mantayavho	vho	2	มนฺตยวฺโห	มนฺตยโวฺห	1
mayheso	yhe	2	มยฺเหโส	มเยฺหโส	1
metteyyapañhe	ñhe	2	เมตฺเตยฺยปญฺเห	เมเตฺตยฺยปเญฺห	1
milindarājapañho	ñho	2	มิลินฺทราชปญฺโห	มิลินฺทราชปโญฺห	1
mohamūḷho	ḷho	2	โมหมูฬฺโห	โมหมูโฬฺห	1
mālukyo	kyo	2	มาลุกฺโย	มาลุโกฺย	1
nigrodhaṃva	gro	2	นิคฺโรธํว	นิโคฺรธํว	1
nigrodhena	gro	2	นิคฺโรเธน	นิโคฺรเธน	1
nigrodhoti	gro	2	นิคฺโรโธติ	นิโคฺรโธติ	1
nigrodhārāmaṃ	gro	2	นิคฺโรธารามํ	นิโคฺรธารามํ	1
niklesaṭṭho	kle	2	นิกฺเลสฏฺโฐ	นิเกฺลสโฏฺฐ	1
nikleso	kle	2	นิกฺเลโส	นิเกฺลโส	1
nāgotveva	tve	2	นาโคตฺเวว	นาโคเตฺวว	1
nātikaṇhosi	ṇho	2	นาติกณฺโหสิ	นาติกโณฺหสิ	1
nātivisaṭṭhavākyo	kyo	2	นาติวิสฏฺฐวากฺโย	นาติวิสฏฺฐวาโกฺย	1
nātyo	tyo	2	นาตฺโย	นาโตฺย	1
nūnamhepi	mhe	2	นูนมฺเหปิ	นูนเมฺหปิ	1
opavayho	yho	2	โอปวยฺโห	โอปวโยฺห	1
osānetveva	tve	2	โอสาเนตฺเวว	โอสาเนเตฺวว	1
pabāḷho	ḷho	2	ปพาฬฺโห	ปพาโฬฺห	1
pagāḷhettha	ḷhe	2	ปคาฬฺเหตฺถ	ปคาเฬฺหตฺถ	1
pahūtajivhosi	vho	2	ปหูตชิวฺโหสิ	ปหูตชิโวฺหสิ	1
pamādavihārītveva	tve	2	ปมาทวิหารีตฺเวว	ปมาทวิหารีเตฺวว	1
pariggaṇheyyuṃ	ṇhe	2	ปริคฺคณฺเหยฺยุํ	ปริคฺคเณฺหยฺยุํ	1
parisuddhājīvotveva	tve	2	ปริสุทฺธาชีโวตฺเวว	ปริสุทฺธาชีโวเตฺวว	1
pathavītveva	tve	2	ปถวีตฺเวว	ปถวีเตฺวว	1
pañhoti	ñho	2	ปญฺโหติ	ปโญฺหติ	1
paṇḍitotye	tye	2	ปณฺฑิโตตฺเย	ปณฺฑิโตเตฺย	1
paṭiggaṇheyyan	ṇhe	2	ปฏิคฺคณฺเหยฺยนฺ	ปฏิคฺคเณฺหยฺยนฺ	1
puṇṇakapañhe	ñhe	2	ปุณฺณกปญฺเห	ปุณฺณกปเญฺห	1
rūḷhena	ḷhe	2	รูฬฺเหน	รูเฬฺหน	1
saddānaṃtveva	tve	2	สทฺทานํตฺเวว	สทฺทานํเตฺวว	1
sakkapañhe	ñhe	2	สกฺกปญฺเห	สกฺกปเญฺห	1
samanvesitabbā	nve	2	สมนฺเวสิตพฺพา	สมเนฺวสิตพฺพา	1
samanveti	nve	2	สมนฺเวติ	สมเนฺวติ	1
samarūḷho	ḷho	2	สมรูฬฺโห	สมรูโฬฺห	1
sammuyheyya	yhe	2	สมฺมุยฺเหยฺย	สมฺมุเยฺหยฺย	1
saṃvirūḷho	ḷho	2	สํวิรูฬฺโห	สํวิรูโฬฺห	1
saṅgaṇheyyuṃ	ṇhe	2	สงฺคณฺเหยฺยุํ	สงฺคเณฺหยฺยุํ	1
saṅkhyeyyapariveṇasmiṃ	ṅkhye	2	สงฺขฺเยยฺยปริเวณสฺมิํ	สเงฺขฺยยฺยปริเวณสฺมิํ	1
saṅkhyeyyapariveṇaṃ	ṅkhye	2	สงฺขฺเยยฺยปริเวณํ	สเงฺขฺยยฺยปริเวณํ	1
saṇhenapi	ṇhe	2	สณฺเหนปิ	สเณฺหนปิ	1
sotaviññāṇaṃtveva	tve	2	โสตวิญฺญาณํตฺเวว	โสตวิญฺญาณํเตฺวว	1
suddhimanvesaṃ	nve	2	สุทฺธิมนฺเวสํ	สุทฺธิมเนฺวสํ	1
suddotveva	tve	2	สุทฺโทตฺเวว	สุโทฺทเตฺวว	1
sākhalye	lye	2	สาขลฺเย	สาขเลฺย	1
sītuṇhe	ṇhe	2	สีตุณฺเห	สีตุเณฺห	1
tatrekaccehi	tre	2	ตตฺเรกจฺเจหิ	ตเตฺรกเจฺจหิ	1
tatreko	tre	2	ตตฺเรโก	ตเตฺรโก	1
therotveva	tve	2	เถโรตฺเวว	เถโรเตฺวว	1
tikesvekūnavīsati	sve	2	ติเกสฺเวกูนวีสติ	ติเกเสฺวกูนวีสติ	1
tvevaṃ	tve	2	ตฺเววํ	เตฺววํ	1
tveve	tve	2	ตฺเวเว	เตฺวเว	1
tvevidaṃ	tve	2	ตฺเววิทํ	เตฺววิทํ	1
uṇhodakapaṭisevī	ṇho	2	อุณฺโหทกปฏิเสวี	อุโณฺหทกปฏิเสวี	1
vedagūpañho	ñho	2	เวทคูปญฺโห	เวทคูปโญฺห	1
vessotveva	tve	2	เวสฺโสตฺเวว	เวโสฺสเตฺวว	1
vilapatveva	tve	2	วิลปตฺเวว	วิลปเตฺวว	1
viyūḷhe	ḷhe	2	วิยูฬฺเห	วิยูเฬฺห	1
vūḷhodakena	ḷho	2	วูฬฺโหทเกน	วูโฬฺหทเกน	1
āpattiyādvemāsappaṭicchannāya	dve	2	อาปตฺติยาทฺเวมาสปฺปฏิจฺฉนฺนาย	อาปตฺติยาเทฺวมาสปฺปฏิจฺฉนฺนาย	1
āsaṅkhyeyyo	ṅkhye	2	อาสงฺขฺเยยฺโย	อาสเงฺขฺยโยฺย	1
ūnakadvetisso	dve	2	อูนกทฺเวติสฺโส	อูนกเทฺวติโสฺส	1
ḍayheyyāti	yhe	2	ฑยฺเหยฺยาติ	ฑเยฺหยฺยาติ	1
abadve	dve	1	อพทฺเว	อพเทฺว	1
abbhūṇheyya	ṇhe	1	อพฺภูณฺเหยฺย	อพฺภูเณฺหยฺย	1
abbuyheyya	yhe	1	อพฺพุยฺเหยฺย	อพฺพุเยฺหยฺย	1
abbūḷhe	ḷhe	1	อพฺพูฬฺเห	อพฺพูเฬฺห	1
abhejjaparisapañho	ñho	1	อเภชฺชปริสปญฺโห	อเภชฺชปริสปโญฺห	1
abhijānantasatipañho	ñho	1	อภิชานนฺตสติปญฺโห	อภิชานนฺตสติปโญฺห	1
abhinipphādanapañho	ñho	1	อภินิปฺผาทนปญฺโห	อภินิปฺผาทนปโญฺห	1
abhisamayantarāyakarapañho	ñho	1	อภิสมยนฺตรายกรปญฺโห	อภิสมยนฺตรายกรปโญฺห	1
abhiyaṃsveva	sve	1	อภิยํสฺเวว	อภิยํเสฺวว	1
abhāyanapañho	ñho	1	อภายนปญฺโห	อภายนปโญฺห	1
abyākaraṇīyapañho	ñho	1	อพฺยากรณียปญฺโห	อพฺยากรณียปโญฺห	1
acetanābhāvapañho	ñho	1	อเจตนาภาวปญฺโห	อเจตนาภาวปโญฺห	1
addhānamūlapañho	ñho	1	อทฺธานมูลปญฺโห	อทฺธานมูลปโญฺห	1
addhānapañho	ñho	1	อทฺธานปญฺโห	อทฺธานปโญฺห	1
adhivāsetveva	tve	1	อธิวาเสตฺเวว	อธิวาเสเตฺวว	1
advejjhamānaso	dve	1	อทฺเวชฺฌมานโส	อเทฺวชฺฌมานโส	1
advejjhatā	dve	1	อทฺเวชฺฌตา	อเทฺวชฺฌตา	1
advejjhavacanametaṃ	dve	1	อทฺเวชฺฌวจนเมตํ	อเทฺวชฺฌวจนเมตํ	1
advejjhavacano	dve	1	อทฺเวชฺฌวจโน	อเทฺวชฺฌวจโน	1
advejjhavāco	dve	1	อทฺเวชฺฌวาโจ	อเทฺวชฺฌวาโจ	1
adveḷhakavacanametaṃ	dve	1	อทฺเวฬฺหกวจนเมตํ	อเทฺวฬฺหกวจนเมตํ	1
agadaṅgapañho	ñho	1	อคทงฺคปญฺโห	อคทงฺคปโญฺห	1
agayhena	yhe	1	อคยฺเหน	อคเยฺหน	1
agayho	yho	1	อคยฺโห	อคโยฺห	1
aggaggasamaṇapañho	ñho	1	อคฺคคฺคสมณปญฺโห	อคฺคคฺคสมณปโญฺห	1
aggagimhe	mhe	1	อคฺคคิมฺเห	อคฺคคิเมฺห	1
agārayho	yho	1	อคารยฺโห	อคารโยฺห	1
agāraṃtveva	tve	1	อคารํตฺเวว	อคารํเตฺวว	1
ahiṃsāniggahapañho	ñho	1	อหิํสานิคฺคหปญฺโห	อหิํสานิคฺคหปโญฺห	1
ajagaraṅgapañho	ñho	1	อชครงฺคปญฺโห	อชครงฺคปโญฺห	1
ajapālanigrodha	gro	1	อชปาลนิคฺโรธ	อชปาลนิโคฺรธ	1
ajapālanigrodhamūlā	gro	1	อชปาลนิคฺโรธมูลา	อชปาลนิโคฺรธมูลา	1
ajitapañhesu	ñhe	1	อชิตปญฺเหสุ	อชิตปเญฺหสุ	1
ajitopañhe	ñhe	1	อชิโตปญฺเห	อชิโตปเญฺห	1
ajjhogāḷhe	ḷhe	1	อชฺโฌคาฬฺเห	อโชฺฌคาเฬฺห	1
akalye	lye	1	อกลฺเย	อกเลฺย	1
akammajādipañho	ñho	1	อกมฺมชาทิปญฺโห	อกมฺมชาทิปโญฺห	1
akusalacchedanapañho	ñho	1	อกุสลจฺเฉทนปญฺโห	อกุสลเจฺฉทนปโญฺห	1
akālamaraṇapañho	ñho	1	อกาลมรณปญฺโห	อกาลมรณปโญฺห	1
akālameghotveva	tve	1	อกาลเมโฆตฺเวว	อกาลเมโฆเตฺวว	1
alābhomayheso	yhe	1	อลาโภมยฺเหโส	อลาโภมเยฺหโส	1
amaccātveva	tve	1	อมจฺจาตฺเวว	อมจฺจาเตฺวว	1
amarādevīpañho	ñho	1	อมราเทวีปญฺโห	อมราเทวีปโญฺห	1
amhesū	mhe	1	อมฺเหสู	อเมฺหสู	1
amhevāyaṃ	mhe	1	อมฺเหวายํ	อเมฺหวายํ	1
anantakāyapañho	ñho	1	อนนฺตกายปญฺโห	อนนฺตกายปโญฺห	1
ananvemāni	nve	1	อนนฺเวมานิ	อนเนฺวมานิ	1
anavasesasikkhāpadapañho	ñho	1	อนวเสสสิกฺขาปทปญฺโห	อนวเสสสิกฺขาปทปโญฺห	1
anuggaṇheyyanti	ṇhe	1	อนุคฺคณฺเหยฺยนฺติ	อนุคฺคเณฺหยฺยนฺติ	1
anuggaṇheyyaṃ	ṇhe	1	อนุคฺคณฺเหยฺยํ	อนุคฺคเณฺหยฺยํ	1
anuggaṇheyyuṃ	ṇhe	1	อนุคฺคณฺเหยฺยุํ	อนุคฺคเณฺหยฺยุํ	1
anuggaṇheyyāti	ṇhe	1	อนุคฺคณฺเหยฺยาติ	อนุคฺคเณฺหยฺยาติ	1
anumānapañho	ñho	1	อนุมานปญฺโห	อนุมานปโญฺห	1
anuppajjanapañho	ñho	1	อนุปฺปชฺชนปญฺโห	อนุปฺปชฺชนปโญฺห	1
anusetitvevassa	tve	1	อนุเสติตฺเววสฺส	อนุเสติเตฺววสฺส	1
anuttarabhāvajānanapañho	ñho	1	อนุตฺตรภาวชานนปญฺโห	อนุตฺตรภาวชานนปโญฺห	1
anuttarabhāvapañho	ñho	1	อนุตฺตรภาวปญฺโห	อนุตฺตรภาวปโญฺห	1
anventā	nve	1	อนฺเวนฺตา	อเนฺวนฺตา	1
anvesitabbo	nve	1	อนฺเวสิตพฺโพ	อเนฺวสิตโพฺพ	1
anvesitvā	nve	1	อนฺเวสิตฺวา	อเนฺวสิตฺวา	1
anvetīti	nve	1	อนฺเวตีติ	อเนฺวตีติ	1
aparimitamasaṅkhyeyyakappe	ṅkhye	1	อปริมิตมสงฺขฺเยยฺยกปฺเป	อปริมิตมสเงฺขฺยยฺยกเปฺป	1
apariyogāḷho	ḷho	1	อปริโยคาฬฺโห	อปริโยคาโฬฺห	1
apasayho	yho	1	อปสยฺโห	อปสโยฺห	1
apayaṃsveva	sve	1	อปยํสฺเวว	อปยํเสฺวว	1
appakleso	kle	1	อปฺปกฺเลโส	อปฺปเกฺลโส	1
appiyātveva	tve	1	อปฺปิยาตฺเวว	อปฺปิยาเตฺวว	1
appossukkapañho	ñho	1	อปฺโปสฺสุกฺกปญฺโห	อโปฺปสฺสุกฺกปโญฺห	1
appābādhapañho	ñho	1	อปฺปาพาธปญฺโห	อปฺปาพาธปโญฺห	1
appānappabhāvapañho	ñho	1	อปฺปานปฺปภาวปญฺโห	อปฺปานปฺปภาวปโญฺห	1
apuññapañho	ñho	1	อปุญฺญปญฺโห	อปุญฺญปโญฺห	1
apāyaṃsveva	sve	1	อปายํสฺเวว	อปายํเสฺวว	1
arahantavedanāvediyanapañho	ñho	1	อรหนฺตเวทนาเวทิยนปญฺโห	อรหนฺตเวทนาเวทิยนปโญฺห	1
arūpadhammavavatthānadukkarapañho	ñho	1	อรูปธมฺมววตฺถานทุกฺกรปญฺโห	อรูปธมฺมววตฺถานทุกฺกรปโญฺห	1
asammūḷhoti	ḷho	1	อสมฺมูฬฺโหติ	อสมฺมูโฬฺหติ	1
asaṅkamanapaṭisandahanapañho	ñho	1	อสงฺกมนปฏิสนฺทหนปญฺโห	อสงฺกมนปฏิสนฺทหนปโญฺห	1
asaṅkhyeyyā	ṅkhye	1	อสงฺขฺเยยฺยา	อสเงฺขฺยยฺยา	1
asaṅkhyeyyānīti	ṅkhye	1	อสงฺขฺเยยฺยานีติ	อสเงฺขฺยยฺยานีติ	1
assatthanigrodhamadhukavetasā	gro	1	อสฺสตฺถนิคฺโรธมธุกเวตสา	อสฺสตฺถนิโคฺรธมธุกเวตสา	1
assubhesajjābhesajjapañho	ñho	1	อสฺสุเภสชฺชาเภสชฺชปญฺโห	อสฺสุเภสชฺชาเภสชฺชปโญฺห	1
assāsapassāsanirodhapañho	ñho	1	อสฺสาสปสฺสาสนิโรธปญฺโห	อสฺสาสปสฺสาสนิโรธปโญฺห	1
atikaṇho	ṇho	1	อติกณฺโห	อติกโณฺห	1
atreva	tre	1	อตฺเรว	อเตฺรว	1
attanipātanapañho	ñho	1	อตฺตนิปาตนปญฺโห	อตฺตนิปาตนปโญฺห	1
atthibhāvapañho	ñho	1	อตฺถิภาวปญฺโห	อตฺถิภาวปโญฺห	1
atthinatthibhāvapañho	ñho	1	อตฺถินตฺถิภาวปญฺโห	อตฺถินตฺถิภาวปโญฺห	1
avacāsiḷārapamheti	mhe	1	อวจาสิฬารปมฺเหติ	อวจาสิฬารปเมฺหติ	1
avhettha	vhe	1	อวฺเหตฺถ	อเวฺหตฺถ	1
avheyya	vhe	1	อวฺเหยฺย	อเวฺหยฺย	1
aviheṭhakapañho	ñho	1	อวิเหฐกปญฺโห	อวิเหฐกปโญฺห	1
avūḷho	ḷho	1	อวูฬฺโห	อวูโฬฺห	1
aññakāyasaṅkamanapañho	ñho	1	อญฺญกายสงฺกมนปญฺโห	อญฺญกายสงฺกมนปโญฺห	1
aññatre	tre	1	อญฺญตฺเร	อญฺญเตฺร	1
aññindreyena	ndre	1	อญฺญินฺทฺเรเยน	อญฺญิเนฺทฺรเยน	1
aññākoṇḍaññotveva	tve	1	อญฺญาโกณฺฑญฺโญตฺเวว	อญฺญาโกณฺฑโญฺญเตฺวว	1
aṅgapañho	ñho	1	องฺคปญฺโห	องฺคปโญฺห	1
aṅkusagayhesippeti	yhe	1	องฺกุสคยฺเหสิปฺเปติ	องฺกุสคเยฺหสิเปฺปติ	1
aṅkusagaṇhe	ṇhe	1	องฺกุสคณฺเห	องฺกุสคเณฺห	1
bahvodake	hvo	1	พหฺโวทเก	พโหฺวทเก	1
bhadrehiyānehi	dre	1	ภทฺเรหิยาเนหิ	ภเทฺรหิยาเนหิ	1
bhadrenapi	dre	1	ภทฺเรนปิ	ภเทฺรนปิ	1
bhaggataṇhoti	ṇho	1	ภคฺคตณฺโหติ	ภคฺคตโณฺหติ	1
bhajavho	vho	1	ภชวฺโห	ภชโวฺห	1
bhavantasaṅkhārajāyamānapañho	ñho	1	ภวนฺตสงฺขารชายมานปญฺโห	ภวนฺตสงฺขารชายมานปโญฺห	1
bhikkhupaṇāmitapañho	ñho	1	ภิกฺขุปณามิตปญฺโห	ภิกฺขุปณามิตปโญฺห	1
bhikkhusaṃghapariharaṇapañho	ñho	1	ภิกฺขุสํฆปริหรณปญฺโห	ภิกฺขุสํฆปริหรณปโญฺห	1
bhogaparibbūḷho	ḷho	1	โภคปริพฺพูฬฺโห	โภคปริพฺพูโฬฺห	1
bhojanaṅgapañho	ñho	1	โภชนงฺคปญฺโห	โภชนงฺคปโญฺห	1
biḷāraṅgapañho	ñho	1	พิฬารงฺคปญฺโห	พิฬารงฺคปโญฺห	1
bodhisattadhammatāpañho	ñho	1	โพธิสตฺตธมฺมตาปญฺโห	โพธิสตฺตธมฺมตาปโญฺห	1
bojjhaṅgapañho	ñho	1	โพชฺฌงฺคปญฺโห	โพชฺฌงฺคปโญฺห	1
brahmacāripañho	ñho	1	พฺรหฺมจาริปญฺโห	พฺรหฺมจาริปโญฺห	1
brāhmalokapañho	ñho	1	พฺราหฺมโลกปญฺโห	พฺราหฺมโลกปโญฺห	1
brāhmaṇarājavādapañho	ñho	1	พฺราหฺมณราชวาทปญฺโห	พฺราหฺมณราชวาทปโญฺห	1
brāhmaṇātveva	tve	1	พฺราหฺมณาตฺเวว	พฺราหฺมณาเตฺวว	1
buddhaguṇasatipaṭilābhapañho	ñho	1	พุทฺธคุณสติปฏิลาภปญฺโห	พุทฺธคุณสติปฏิลาภปโญฺห	1
buddhalābhantarāyapañho	ñho	1	พุทฺธลาภนฺตรายปญฺโห	พุทฺธลาภนฺตรายปโญฺห	1
buddhanidassanapañho	ñho	1	พุทฺธนิทสฺสนปญฺโห	พุทฺธนิทสฺสนปโญฺห	1
buddhapūjanapañho	ñho	1	พุทฺธปูชนปญฺโห	พุทฺธปูชนปโญฺห	1
bālotveva	tve	1	พาโลตฺเวว	พาโลเตฺวว	1
bāḷisikaṅgapañho	ñho	1	พาฬิสิกงฺคปญฺโห	พาฬิสิกงฺคปโญฺห	1
bījaṅgapañho	ñho	1	พีชงฺคปญฺโห	พีชงฺคปโญฺห	1
cakkavattiṅgapañho	ñho	1	จกฺกวตฺติงฺคปญฺโห	จกฺกวตฺติงฺคปโญฺห	1
cakkavākaṅgapañho	ñho	1	จกฺกวากงฺคปญฺโห	จกฺกวากงฺคปโญฺห	1
cakkhuviññāṇādipañho	ñho	1	จกฺขุวิญฺญาณาทิปญฺโห	จกฺขุวิญฺญาณาทิปโญฺห	1
candaṅgapañho	ñho	1	จนฺทงฺคปญฺโห	จนฺทงฺคปโญฺห	1
cattaklesomhi	kle	1	จตฺตกฺเลโสมฺหิ	จตฺตเกฺลโสมฺหิ	1
cetanālakkhaṇapañho	ñho	1	เจตนาลกฺขณปญฺโห	เจตนาลกฺขณปโญฺห	1
cetiyapāṭihāriyapañho	ñho	1	เจติยปาฏิหาริยปญฺโห	เจติยปาฏิหาริยปโญฺห	1
chaddantajotipālārabbhapañho	ñho	1	ฉทฺทนฺตโชติปาลารพฺภปญฺโห	ฉทฺทนฺตโชติปาลารพฺภปโญฺห	1
chadvārārammaṇesvettha	sve	1	ฉทฺวารารมฺมเณสฺเวตฺถ	ฉทฺวารารมฺมเณเสฺวตฺถ	1
chandasamādhipadhānasaṅkhārotveva	tve	1	ฉนฺทสมาธิปธานสงฺขาโรตฺเวว	ฉนฺทสมาธิปธานสงฺขาโรเตฺวว	1
channaṃtveva	tve	1	ฉนฺนํตฺเวว	ฉนฺนํเตฺวว	1
chasve	sve	1	ฉสฺเว	ฉเสฺว	1
chattaṅgapañho	ñho	1	ฉตฺตงฺคปญฺโห	ฉตฺตงฺคปโญฺห	1
cirakatasaraṇapañho	ñho	1	จิรกตสรณปญฺโห	จิรกตสรณปโญฺห	1
citre	tre	1	จิตฺเร	จิเตฺร	1
citro	tro	1	จิตฺโร	จิโตฺร	1
cittakadharakummaṅgapañho	ñho	1	จิตฺตกธรกุมฺมงฺคปญฺโห	จิตฺตกธรกุมฺมงฺคปโญฺห	1
cittasamādhipadhānasaṅkhārotveva	tve	1	จิตฺตสมาธิปธานสงฺขาโรตฺเวว	จิตฺตสมาธิปธานสงฺขาโรเตฺวว	1
cāpaṅgapañho	ñho	1	จาปงฺคปญฺโห	จาปงฺคปโญฺห	1
devadattapabbajjapañho	ñho	1	เทวทตฺตปพฺพชฺชปญฺโห	เทวทตฺตปพฺพชฺชปโญฺห	1
devatātveva	tve	1	เทวตาตฺเวว	เทวตาเตฺวว	1
dhammadiṭṭhapañho	ñho	1	ธมฺมทิฏฺฐปญฺโห	ธมฺมทิฏฺฐปโญฺห	1
dhammasantatipañho	ñho	1	ธมฺมสนฺตติปญฺโห	ธมฺมสนฺตติปโญฺห	1
dhammavinayapaṭicchānnāpaṭicchannapañho	ñho	1	ธมฺมวินยปฏิจฺฉานฺนาปฏิจฺฉนฺนปญฺโห	ธมฺมวินยปฏิจฺฉานฺนาปฏิจฺฉนฺนปโญฺห	1
dhammābhisamayapañho	ñho	1	ธมฺมาภิสมยปญฺโห	ธมฺมาภิสมยปโญฺห	1
dhutaṅgapañho	ñho	1	ธุตงฺคปญฺโห	ธุตงฺคปโญฺห	1
dubbalikaraṇītveva	tve	1	ทุพฺพลิกรณีตฺเวว	ทุพฺพลิกรณีเตฺวว	1
dubbalyena	lye	1	ทุพฺพลฺเยน	ทุพฺพเลฺยน	1
dujjivho	vho	1	ทุชฺชิวฺโห	ทุชฺชิโวฺห	1
dujjovho	vho	1	ทุชฺโชวฺโห	ทุโชฺชโวฺห	1
dukkarakārikapañho	ñho	1	ทุกฺกรการิกปญฺโห	ทุกฺกรการิกปโญฺห	1
dukkhamanvetīti	nve	1	ทุกฺขมนฺเวตีติ	ทุกฺขมเนฺวตีติ	1
dukkhappahānavāyamapañho	ñho	1	ทุกฺขปฺปหานวายมปญฺโห	ทุกฺขปฺปหานวายมปโญฺห	1
dussīlapañho	ñho	1	ทุสฺสีลปญฺโห	ทุสฺสีลปโญฺห	1
dutiyadvebrāhmaṇasutta	dve	1	ทุติยทฺเวพฺราหฺมณสุตฺต	ทุติยเทฺวพฺราหฺมณสุตฺต	1
dvebhāgasikkhāpada	dve	1	ทฺเวภาคสิกฺขาปท	เทฺวภาคสิกฺขาปท	1
dvebhāgasikkhāpadaṃ	dve	1	ทฺเวภาคสิกฺขาปทํ	เทฺวภาคสิกฺขาปทํ	1
dvebhāgā	dve	1	ทฺเวภาคา	เทฺวภาคา	1
dvebhātikā	dve	1	ทฺเวภาติกา	เทฺวภาติกา	1
dvebrāhmaṇavatthu	dve	1	ทฺเวพฺราหฺมณวตฺถุ	เทฺวพฺราหฺมณวตฺถุ	1
dvecattālīsamo	dve	1	ทฺเวจตฺตาลีสโม	เทฺวจตฺตาลีสโม	1
dvecattārisanissaggiyānaṃ	dve	1	ทฺเวจตฺตาริสนิสฺสคฺคิยานํ	เทฺวจตฺตาริสนิสฺสคฺคิยานํ	1
dvedhābhinnā	dve	1	ทฺเวธาภินฺนา	เทฺวธาภินฺนา	1
dvedhāpathe	dve	1	ทฺเวธาปเถ	เทฺวธาปเถ	1
dvedhāpathā	dve	1	ทฺเวธาปถา	เทฺวธาปถา	1
dvedhāvitakkasuttaṃ	dve	1	ทฺเวธาวิตกฺกสุตฺตํ	เทฺวธาวิตกฺกสุตฺตํ	1
dvejjhaṃ	dve	1	ทฺเวชฺฌํ	เทฺวชฺฌํ	1
dvejjhāpannesu	dve	1	ทฺเวชฺฌาปนฺเนสุ	เทฺวชฺฌาปเนฺนสุ	1
dvekappā	dve	1	ทฺเวกปฺปา	เทฺวกปฺปา	1
dvekhandhā	dve	1	ทฺเวขนฺธา	เทฺวขนฺธา	1
dvekoṭinaranārīnaṃ	dve	1	ทฺเวโกฏินรนารีนํ	เทฺวโกฏินรนารีนํ	1
dvelakkhaṇādassana	dve	1	ทฺเวลกฺขณาทสฺสน	เทฺวลกฺขณาทสฺสน	1
dvemasaparivāso	dve	1	ทฺเวมสปริวาโส	เทฺวมสปริวาโส	1
dvemāsampi	dve	1	ทฺเวมาสมฺปิ	เทฺวมาสมฺปิ	1
dvemāsaparivasitabbavidhi	dve	1	ทฺเวมาสปริวสิตพฺพวิธิ	เทฺวมาสปริวสิตพฺพวิธิ	1
dvemāsaparivādaṃ	dve	1	ทฺเวมาสปริวาทํ	เทฺวมาสปริวาทํ	1
dvemāsaparivāsa	dve	1	ทฺเวมาสปริวาส	เทฺวมาสปริวาส	1
dvemāsaparivāsakammavācā	dve	1	ทฺเวมาสปริวาสกมฺมวาจา	เทฺวมาสปริวาสกมฺมวาจา	1
dvemāsaparivāsassa	dve	1	ทฺเวมาสปริวาสสฺส	เทฺวมาสปริวาสสฺส	1
dvemāsapaṭicchannaparivāsa	dve	1	ทฺเวมาสปฏิจฺฉนฺนปริวาส	เทฺวมาสปฏิจฺฉนฺนปริวาส	1
dvemāsapaṭicchannāya	dve	1	ทฺเวมาสปฏิจฺฉนฺนาย	เทฺวมาสปฏิจฺฉนฺนาย	1
dvemāsappaṭicchannānaṃekamāsaparivāsaṃ	dve	1	ทฺเวมาสปฺปฏิจฺฉนฺนานํเอกมาสปริวาสํ	เทฺวมาสปฺปฏิจฺฉนฺนานํเอกมาสปริวาสํ	1
dvemāsaṃ	dve	1	ทฺเวมาสํ	เทฺวมาสํ	1
dvemāsikopi	dve	1	ทฺเวมาสิโกปิ	เทฺวมาสิโกปิ	1
dvemāsā	dve	1	ทฺเวมาสา	เทฺวมาสา	1
dvenissāraṇādikathā	dve	1	ทฺเวนิสฺสารณาทิกถา	เทฺวนิสฺสารณาทิกถา	1
dvepaccayā	dve	1	ทฺเวปจฺจยา	เทฺวปจฺจยา	1
dvepassa	dve	1	ทฺเวปสฺส	เทฺวปสฺส	1
dvepatha	dve	1	ทฺเวปถ	เทฺวปถ	1
dvepiccha	dve	1	ทฺเวปิจฺฉ	เทฺวปิจฺฉ	1
dvepitikā	dve	1	ทฺเวปิติกา	เทฺวปิติกา	1
dvepānanda	dve	1	ทฺเวปานนฺท	เทฺวปานนฺท	1
dverataniyatthera	dve	1	ทฺเวรตนิยตฺเถร	เทฺวรตนิยเตฺถร	1
dverataniyattherassāpadānaṃ	dve	1	ทฺเวรตนิยตฺเถรสฺสาปทานํ	เทฺวรตนิยเตฺถรสฺสาปทานํ	1
dvesaccā	dve	1	ทฺเวสจฺจา	เทฺวสจฺจา	1
dvesahāyakabhikkhuvatthu	dve	1	ทฺเวสหายกภิกฺขุวตฺถุ	เทฺวสหายกภิกฺขุวตฺถุ	1
dvesaparivāsaṃ	dve	1	ทฺเวสปริวาสํ	เทฺวสปริวาสํ	1
dvesattarattassa	dve	1	ทฺเวสตฺตรตฺตสฺส	เทฺวสตฺตรตฺตสฺส	1
dvesattatiyeva	dve	1	ทฺเวสตฺตติเยว	เทฺวสตฺตติเยว	1
dvesatthavāha	dve	1	ทฺเวสตฺถวาห	เทฺวสตฺถวาห	1
dvesatā	dve	1	ทฺเวสตา	เทฺวสตา	1
dvesaṭṭhikappamhi	dve	1	ทฺเวสฏฺฐิกปฺปมฺหิ	เทฺวสฏฺฐิกปฺปมฺหิ	1
dvettha	dve	1	ทฺเวตฺถ	เทฺวตฺถ	1
dvevassasahassāyukānaṃ	dve	1	ทฺเววสฺสสหสฺสายุกานํ	เทฺววสฺสสหสฺสายุกานํ	1
dvevassasatāyukā	dve	1	ทฺเววสฺสสตายุกา	เทฺววสฺสสตายุกา	1
dvevassikopi	dve	1	ทฺเววสฺสิโกปิ	เทฺววสฺสิโกปิ	1
dvevisayo	dve	1	ทฺเววิสโย	เทฺววิสโย	1
dveyamā	dve	1	ทฺเวยมา	เทฺวยมา	1
dveye	dve	1	ทฺเวเย	เทฺวเย	1
dveḷhakajātesu	dve	1	ทฺเวฬฺหกชาเตสุ	เทฺวฬฺหกชาเตสุ	1
dīghaṭṭhipañho	ñho	1	ทีฆฏฺฐิปญฺโห	ทีฆฏฺฐิปโญฺห	1
dīpikaṅgapañho	ñho	1	ทีปิกงฺคปญฺโห	ทีปิกงฺคปโญฺห	1
dīpiniyaṅgapañho	ñho	1	ทีปินิยงฺคปญฺโห	ทีปินิยงฺคปโญฺห	1
ekantakaṇhehi	ṇhe	1	เอกนฺตกณฺเหหิ	เอกนฺตกเณฺหหิ	1
ekantakaṇho	ṇho	1	เอกนฺตกณฺโห	เอกนฺตกโณฺห	1
ekantasukhanibbānapañho	ñho	1	เอกนฺตสุขนิพฺพานปญฺโห	เอกนฺตสุขนิพฺพานปโญฺห	1
ekarasapañho	ñho	1	เอกรสปญฺโห	เอกรสปโญฺห	1
ekattanānattapañho	ñho	1	เอกตฺตนานตฺตปญฺโห	เอกตฺตนานตฺตปโญฺห	1
esveva	sve	1	เอสฺเวว	เอเสฺวว	1
gabbhāvakkantipañho	ñho	1	คพฺภาวกฺกนฺติปญฺโห	คพฺภาวกฺกนฺติปโญฺห	1
gadrabhaṅgapañho	ñho	1	คทฺรภงฺคปญฺโห	คทฺรภงฺคปโญฺห	1
ganheyya	nhe	1	คนฺเหยฺย	คเนฺหยฺย	1
gantveva	ntve	1	คนฺตฺเวว	คเนฺตฺวว	1
gayheyyapi	yhe	1	คยฺเหยฺยปิ	คเยฺหยฺยปิ	1
gaṇhavho	vho	1	คณฺหวฺโห	คณฺหโวฺห	1
gaṇheyyā	ṇhe	1	คณฺเหยฺยา	คเณฺหยฺยา	1
gaṇheyyāsi	ṇhe	1	คณฺเหยฺยาสิ	คเณฺหยฺยาสิ	1
gharakapotaṅgapañho	ñho	1	ฆรกโปตงฺคปญฺโห	ฆรกโปตงฺคปโญฺห	1
ghaṭikārapañho	ñho	1	ฆฏิการปญฺโห	ฆฏิการปโญฺห	1
gihipabbajitasammāpaṭipattipañho	ñho	1	คิหิปพฺพชิตสมฺมาปฏิปตฺติปญฺโห	คิหิปพฺพชิตสมฺมาปฏิปตฺติปโญฺห	1
gimhepi	mhe	1	คิมฺเหปิ	คิเมฺหปิ	1
gimhesu	mhe	1	คิมฺเหสุ	คิเมฺหสุ	1
gorūpaṅgapañho	ñho	1	โครูปงฺคปญฺโห	โครูปงฺคปโญฺห	1
gotamanigrodhe	gro	1	โคตมนิคฺโรเธ	โคตมนิโคฺรเธ	1
gotamanigrodho	gro	1	โคตมนิคฺโรโธ	โคตมนิโคฺรโธ	1
gotamivatthadānapañho	ñho	1	โคตมิวตฺถทานปญฺโห	โคตมิวตฺถทานปโญฺห	1
guḷho	ḷho	1	คุฬฺโห	คุโฬฺห	1
guḷhodakanti	ḷho	1	คุฬฺโหทกนฺติ	คุโฬฺหทกนฺติ	1
gāmesve	sve	1	คาเมสฺเว	คาเมเสฺว	1
gāthābhigītabhojanakathāpañho	ñho	1	คาถาภิคีตโภชนกถาปญฺโห	คาถาภิคีตโภชนกถาปโญฺห	1
hatthiṅgapañho	ñho	1	หตฺถิงฺคปญฺโห	หตฺถิงฺคปโญฺห	1
hatthārūyhe	yhe	1	หตฺถารูยฺเห	หตฺถารูเยฺห	1
hīnāyāvattanapañho	ñho	1	หีนายาวตฺตนปญฺโห	หีนายาวตฺตนปโญฺห	1
iddhibaladassanapañho	ñho	1	อิทฺธิพลทสฺสนปญฺโห	อิทฺธิพลทสฺสนปโญฺห	1
iddhikammavipākapañho	ñho	1	อิทฺธิกมฺมวิปากปญฺโห	อิทฺธิกมฺมวิปากปโญฺห	1
isigilitveva	tve	1	อิสิคิลิตฺเวว	อิสิคิลิเตฺวว	1
issāsaṅgapañho	ñho	1	อิสฺสาสงฺคปญฺโห	อิสฺสาสงฺคปโญฺห	1
jalūkaṅgapañho	ñho	1	ชลูกงฺคปญฺโห	ชลูกงฺคปโญฺห	1
janānañhettha	ñhe	1	ชนานญฺเหตฺถ	ชนานเญฺหตฺถ	1
jarasiṅgālaṅgapañho	ñho	1	ชรสิงฺคาลงฺคปญฺโห	ชรสิงฺคาลงฺคปโญฺห	1
juṇhepi	ṇhe	1	ชุณฺเหปิ	ชุเณฺหปิ	1
jānantājānantapāpakaraṇapañho	ñho	1	ชานนฺตาชานนฺตปาปกรณปญฺโห	ชานนฺตาชานนฺตปาปกรณปโญฺห	1
jārāmaraṇamanventīti	nve	1	ชารามรณมนฺเวนฺตีติ	ชารามรณมเนฺวนฺตีติ	1
kalandakaṅgapañho	ñho	1	กลนฺทกงฺคปญฺโห	กลนฺทกงฺคปโญฺห	1
kalyāṇabhāvamhe	mhe	1	กลฺยาณภาวมฺเห	กลฺยาณภาวเมฺห	1
kammadhorayho	yho	1	กมฺมโธรยฺโห	กมฺมโธรโยฺห	1
kammajādipañho	ñho	1	กมฺมชาทิปญฺโห	กมฺมชาทิปโญฺห	1
kammakāraṅgapañho	ñho	1	กมฺมการงฺคปญฺโห	กมฺมการงฺคปโญฺห	1
kammanānākaraṇapañho	ñho	1	กมฺมนานากรณปญฺโห	กมฺมนานากรณปโญฺห	1
katamhehi	mhe	1	กตมฺเหหิ	กตเมฺหหิ	1
katādhikārasaphalapañho	ñho	1	กตาธิการสผลปญฺโห	กตาธิการสผลปโญฺห	1
kaṇhopi	ṇho	1	กณฺโหปิ	กโณฺหปิ	1
kaṇhoti	ṇho	1	กณฺโหติ	กโณฺหติ	1
kaṭhinatapanapañho	ñho	1	กฐินตปนปญฺโห	กฐินตปนปโญฺห	1
khattasaṅghaparibyūḷho	ḷho	1	ขตฺตสงฺฆปริพฺยูฬฺโห	ขตฺตสงฺฆปริพฺยูโฬฺห	1
khatye	tye	1	ขตฺเย	ขเตฺย	1
khettakammantasāmantasabyohāre	byo	1	เขตฺตกมฺมนฺตสามนฺตสพฺโยหาเร	เขตฺตกมฺมนฺตสามนฺตสโพฺยหาเร	1
khettakammantasāmantasabyohārā	byo	1	เขตฺตกมฺมนฺตสามนฺตสพฺโยหารา	เขตฺตกมฺมนฺตสามนฺตสโพฺยหารา	1
khettaṅgapañho	ñho	1	เขตฺตงฺคปญฺโห	เขตฺตงฺคปโญฺห	1
khuddānukhuddakapañho	ñho	1	ขุทฺทานุขุทฺทกปญฺโห	ขุทฺทานุขุทฺทกปโญฺห	1
khīraṃtveva	tve	1	ขีรํตฺเวว	ขีรํเตฺวว	1
khīṇāsavabhāvapañho	ñho	1	ขีณาสวภาวปญฺโห	ขีณาสวภาวปโญฺห	1
khīṇāsavasatisammosapañho	ñho	1	ขีณาสวสติสมฺโมสปญฺโห	ขีณาสวสติสโมฺมสปโญฺห	1
kiṃnvettha	nve	1	กิํนฺเวตฺถ	กิํเนฺวตฺถ	1
klesabyādhibahudukkha	kle	1	กฺเลสพฺยาธิพหุทุกฺข	เกฺลสพฺยาธิพหุทุกฺข	1
klesamale	kle	1	กฺเลสมเล	เกฺลสมเล	1
koṭipaññāyanapañho	ñho	1	โกฏิปญฺญายนปญฺโห	โกฏิปญฺญายนปโญฺห	1
kukkuṭaṅgapañho	ñho	1	กุกฺกุฏงฺคปญฺโห	กุกฺกุฏงฺคปโญฺห	1
kumbhaṅgapañho	ñho	1	กุมฺภงฺคปญฺโห	กุมฺภงฺคปโญฺห	1
kummaṅgapañho	ñho	1	กุมฺมงฺคปญฺโห	กุมฺมงฺคปโญฺห	1
kusalākusalabalavatarapañho	ñho	1	กุสลากุสลพลวตรปญฺโห	กุสลากุสลพลวตรปโญฺห	1
kusalākusalasamavisamapañho	ñho	1	กุสลากุสลสมวิสมปญฺโห	กุสลากุสลสมวิสมปโญฺห	1
kuṇapamhete	mhe	1	กุณปมฺเหเต	กุณปเมฺหเต	1
kve	kve	1	กฺเว	เกฺว	1
kāyapiyāyanapañho	ñho	1	กายปิยายนปญฺโห	กายปิยายนปโญฺห	1
kāḷāyasaṅgapañho	ñho	1	กาฬายสงฺคปญฺโห	กาฬายสงฺคปโญฺห	1
kūpaṅgapañho	ñho	1	กูปงฺคปญฺโห	กูปงฺคปโญฺห	1
lakkhaṇapañho	ñho	1	ลกฺขณปญฺโห	ลกฺขณปโญฺห	1
lohitañhetaṃ	ñhe	1	โลหิตญฺเหตํ	โลหิตเญฺหตํ	1
lābulataṅgapañho	ñho	1	ลาพุลตงฺคปญฺโห	ลาพุลตงฺคปโญฺห	1
maccubhāyanābhāyanapañho	ñho	1	มจฺจุภายนาภายนปญฺโห	มจฺจุภายนาภายนปโญฺห	1
maccupāsamuttipañho	ñho	1	มจฺจุปาสมุตฺติปญฺโห	มจฺจุปาสมุตฺติปโญฺห	1
maggamārūḷho	ḷho	1	มคฺคมารูฬฺโห	มคฺคมารูโฬฺห	1
magguppādanapañho	ñho	1	มคฺคุปฺปาทนปญฺโห	มคฺคุปฺปาทนปโญฺห	1
mahāgovindotveva	tve	1	มหาโควินฺโทตฺเวว	มหาโควิโนฺทเตฺวว	1
mahānigrodhamaddakkhuṃ	gro	1	มหานิคฺโรธมทฺทกฺขุํ	มหานิโคฺรธมทฺทกฺขุํ	1
mahāpañhesu	ñhe	1	มหาปญฺเหสุ	มหาปเญฺหสุ	1
mahāpurisalakkhaṇapañho	ñho	1	มหาปุริสลกฺขณปญฺโห	มหาปุริสลกฺขณปโญฺห	1
mahātaṇho	ṇho	1	มหาตณฺโห	มหาตโณฺห	1
makkaṭaṅgapañho	ñho	1	มกฺกฏงฺคปญฺโห	มกฺกฏงฺคปโญฺห	1
mamhe	mhe	1	มมฺเห	มเมฺห	1
manasikāralakkhaṇapañho	ñho	1	มนสิการลกฺขณปญฺโห	มนสิการลกฺขณปโญฺห	1
manasikārapañho	ñho	1	มนสิการปญฺโห	มนสิการปโญฺห	1
manvesi	nve	1	มนฺเวสิ	มเนฺวสิ	1
mayhesā	yhe	1	มยฺเหสา	มเยฺหสา	1
mayhetaṃ	yhe	1	มยฺเหตํ	มเยฺหตํ	1
mayāruḷho	ḷho	1	มยารุฬฺโห	มยารุโฬฺห	1
maññavho	vho	1	มญฺญวฺโห	มญฺญโวฺห	1
maññivho	vho	1	มญฺญิวฺโห	มญฺญิโวฺห	1
maṇiratanapañho	ñho	1	มณิรตนปญฺโห	มณิรตนปโญฺห	1
maṇḍabyopi	byo	1	มณฺฑพฺโยปิ	มณฺฑโพฺยปิ	1
meghaṅgapañho	ñho	1	เมฆงฺคปญฺโห	เมฆงฺคปโญฺห	1
mettābhāvanānisaṃsapañho	ñho	1	เมตฺตาภาวนานิสํสปญฺโห	เมตฺตาภาวนานิสํสปโญฺห	1
meṇḍakapañho	ñho	1	เมณฺฑกปญฺโห	เมณฺฑกปโญฺห	1
meṇḍakapañhopi	ñho	1	เมณฺฑกปญฺโหปิ	เมณฺฑกปโญฺหปิ	1
middhasamārūḷhe	ḷhe	1	มิทฺธสมารูฬฺเห	มิทฺธสมารูเฬฺห	1
migaṅgapañho	ñho	1	มิคงฺคปญฺโห	มิคงฺคปโญฺห	1
milindapañhe	ñhe	1	มิลินฺทปญฺเห	มิลินฺทปเญฺห	1
muhuttaṃuṇhe	ṇhe	1	มุหุตฺตํอุณฺเห	มุหุตฺตํอุเณฺห	1
musāvādagarulahubhāvapañho	ñho	1	มุสาวาทครุลหุภาวปญฺโห	มุสาวาทครุลหุภาวปโญฺห	1
muyheyya	yhe	1	มุยฺเหยฺย	มุเยฺหยฺย	1
muyheyyunti	yhe	1	มุยฺเหยฺยุนฺติ	มุเยฺหยฺยุนฺติ	1
māgavikaṅgapañho	ñho	1	มาควิกงฺคปญฺโห	มาควิกงฺคปโญฺห	1
māluṅkyo	ṅkyo	1	มาลุงฺกฺโย	มาลุโงฺกฺย	1
mātusveva	sve	1	มาตุสฺเวว	มาตุเสฺวว	1
mūḷhenā	ḷhe	1	มูฬฺเหนา	มูเฬฺหนา	1
mūḷhesu	ḷhe	1	มูฬฺเหสุ	มูเฬฺหสุ	1
mūḷhosmi	ḷho	1	มูฬฺโหสฺมิ	มูโฬฺหสฺมิ	1
nakulaṅgapañho	ñho	1	นกุลงฺคปญฺโห	นกุลงฺคปโญฺห	1
nanvetaṃ	nve	1	นนฺเวตํ	นเนฺวตํ	1
natthibhāvapañho	ñho	1	นตฺถิภาวปญฺโห	นตฺถิภาวปโญฺห	1
natthitvevassa	tve	1	นตฺถิตฺเววสฺส	นตฺถิเตฺววสฺส	1
nibbānalabhanapañho	ñho	1	นิพฺพานลภนปญฺโห	นิพฺพานลภนปโญฺห	1
nibbānarūpasaṇṭhānapañho	ñho	1	นิพฺพานรูปสณฺฐานปญฺโห	นิพฺพานรูปสณฺฐานปโญฺห	1
nibbānasacchikaraṇapañho	ñho	1	นิพฺพานสจฺฉิกรณปญฺโห	นิพฺพานสจฺฉิกรณปโญฺห	1
nibbānasannihitapañho	ñho	1	นิพฺพานสนฺนิหิตปญฺโห	นิพฺพานสนฺนิหิตปโญฺห	1
nibbānasukhajānanapañho	ñho	1	นิพฺพานสุขชานนปญฺโห	นิพฺพานสุขชานนปโญฺห	1
nidrodhamiva	dro	1	นิทฺโรธมิว	นิโทฺรธมิว	1
nidveḷhakā	dve	1	นิทฺเวฬฺหกา	นิเทฺวฬฺหกา	1
nigaṇṭhādvedhikajātā	dve	1	นิคณฺฐาทฺเวธิกชาตา	นิคณฺฐาเทฺวธิกชาตา	1
nigrodhabījāni	gro	1	นิคฺโรธพีชานิ	นิโคฺรธพีชานิ	1
nigrodhajātaka	gro	1	นิคฺโรธชาตก	นิโคฺรธชาตก	1
nigrodhajātakaṃ	gro	1	นิคฺโรธชาตกํ	นิโคฺรธชาตกํ	1
nigrodhakappa	gro	1	นิคฺโรธกปฺป	นิโคฺรธกปฺป	1
nigrodhakappasuttaṃ	gro	1	นิคฺโรธกปฺปสุตฺตํ	นิโคฺรธกปฺปสุตฺตํ	1
nigrodhamiga	gro	1	นิคฺโรธมิค	นิโคฺรธมิค	1
nigrodhamigajātaka	gro	1	นิคฺโรธมิคชาตก	นิโคฺรธมิคชาตก	1
nigrodhamigajātakaṃ	gro	1	นิคฺโรธมิคชาตกํ	นิโคฺรธมิคชาตกํ	1
nigrodhamiva	gro	1	นิคฺโรธมิว	นิโคฺรธมิว	1
nigrodhapakkabimboṭṭhī	gro	1	นิคฺโรธปกฺกพิมฺโพฏฺฐี	นิโคฺรธปกฺกพิโมฺพฏฺฐี	1
nigrodhaparibbājakavatthu	gro	1	นิคฺโรธปริพฺพาชกวตฺถุ	นิโคฺรธปริพฺพาชกวตฺถุ	1
nigrodhassapajjhāyana	gro	1	นิคฺโรธสฺสปชฺฌายน	นิโคฺรธสฺสปชฺฌายน	1
nigrodhattheragāthā	gro	1	นิคฺโรธตฺเถรคาถา	นิโคฺรธเตฺถรคาถา	1
nigrodhaṃantarā	gro	1	นิคฺโรธํอนฺตรา	นิโคฺรธํอนฺตรา	1
nigrodhe	gro	1	นิคฺโรเธ	นิโคฺรเธ	1
nigrodhopi	gro	1	นิคฺโรโธปิ	นิโคฺรโธปิ	1
nigrodhu	gro	1	นิคฺโรธุ	นิโคฺรธุ	1
nigūḷho	ḷho	1	นิคูฬฺโห	นิคูโฬฺห	1
nippapañcapañho	ñho	1	นิปฺปปญฺจปญฺโห	นิปฺปปญฺจปโญฺห	1
nirodhanibbānapañho	ñho	1	นิโรธนิพฺพานปญฺโห	นิโรธนิพฺพานปโญฺห	1
nittaṇhosi	ṇho	1	นิตฺตณฺโหสิ	นิตฺตโณฺหสิ	1
nivattavho	vho	1	นิวตฺตวฺโห	นิวตฺตโวฺห	1
nivattayho	yho	1	นิวตฺตยฺโห	นิวตฺตโยฺห	1
niyāmakaṅgapañho	ñho	1	นิยามกงฺคปญฺโห	นิยามกงฺคปโญฺห	1
nveti	nve	1	นฺเวติ	เนฺวติ	1
nābhyo	bhyo	1	นาภฺโย	นาโภฺย	1
nāgasenapañho	ñho	1	นาคเสนปญฺโห	นาคเสนปโญฺห	1
nāmamhehi	mhe	1	นามมฺเหหิ	นามเมฺหหิ	1
nāmarūpapaṭisandahanapañho	ñho	1	นามรูปปฏิสนฺทหนปญฺโห	นามรูปปฏิสนฺทหนปโญฺห	1
nātikaṇho	ṇho	1	นาติกณฺโห	นาติกโณฺห	1
nātivissaṭṭhavākyo	kyo	1	นาติวิสฺสฏฺฐวากฺโย	นาติวิสฺสฏฺฐวาโกฺย	1
nāvaṅgapañho	ñho	1	นาวงฺคปญฺโห	นาวงฺคปโญฺห	1
nāvālagganakaṅgapañho	ñho	1	นาวาลคฺคนกงฺคปญฺโห	นาวาลคฺคนกงฺคปโญฺห	1
opammakathāpañho	ñho	1	โอปมฺมกถาปญฺโห	โอปมฺมกถาปโญฺห	1
oruḷhena	ḷhe	1	โอรุฬฺเหน	โอรุเฬฺหน	1
osaṇhenti	ṇhe	1	โอสณฺเหนฺติ	โอสเณฺหนฺติ	1
ovuyheyya	yhe	1	โอวุยฺเหยฺย	โอวุเยฺหยฺย	1
pabbajjapañho	ñho	1	ปพฺพชฺชปญฺโห	ปพฺพชฺชปโญฺห	1
pabbataṅgapañho	ñho	1	ปพฺพตงฺคปญฺโห	ปพฺพตงฺคปโญฺห	1
pabbāḷho	ḷho	1	ปพฺพาฬฺโห	ปพฺพาโฬฺห	1
padamanveti	nve	1	ปทมนฺเวติ	ปทมเนฺวติ	1
padumaṅgapañho	ñho	1	ปทุมงฺคปญฺโห	ปทุมงฺคปโญฺห	1
paggaṇhepaggahārahan	ṇhe	1	ปคฺคณฺเหปคฺคหารหนฺ	ปคฺคเณฺหปคฺคหารหนฺ	1
paggaṇheyyaṃ	ṇhe	1	ปคฺคณฺเหยฺยํ	ปคฺคเณฺหยฺยํ	1
pakappanātidve	dve	1	ปกปฺปนาติทฺเว	ปกปฺปนาติเทฺว	1
pamattāpamattadvesahāyakabhikkhuvatthu	dve	1	ปมตฺตาปมตฺตทฺเวสหายกภิกฺขุวตฺถุ	ปมตฺตาปมตฺตเทฺวสหายกภิกฺขุวตฺถุ	1
pamheti	mhe	1	ปมฺเหติ	ปเมฺหติ	1
pamodathavho	vho	1	ปโมทถวฺโห	ปโมทถโวฺห	1
pamūḷhosi	ḷho	1	ปมูฬฺโหสิ	ปมูโฬฺหสิ	1
panhe	nhe	1	ปนฺเห	ปเนฺห	1
panthamakkaṭakaṅgapañho	ñho	1	ปนฺถมกฺกฏกงฺคปญฺโห	ปนฺถมกฺกฏกงฺคปโญฺห	1
panāvusotumhepi	mhe	1	ปนาวุโสตุมฺเหปิ	ปนาวุโสตุเมฺหปิ	1
paridevathavho	vho	1	ปริเทวถวฺโห	ปริเทวถโวฺห	1
pariggaṇheyyāsi	ṇhe	1	ปริคฺคณฺเหยฺยาสิ	ปริคฺคเณฺหยฺยาสิ	1
pariggaṇheyyātha	ṇhe	1	ปริคฺคณฺเหยฺยาถ	ปริคฺคเณฺหยฺยาถ	1
pariklesaṃ	kle	1	ปริกฺเลสํ	ปริเกฺลสํ	1
parikleso	kle	1	ปริกฺเลโส	ปริเกฺลโส	1
parisaṇho	ṇho	1	ปริสณฺโห	ปริสโณฺห	1
parosatapañhena	ñhe	1	ปโรสตปญฺเหน	ปโรสตปเญฺหน	1
parūḷho	ḷho	1	ปรูฬฺโห	ปรูโฬฺห	1
pathabyo	byo	1	ปถพฺโย	ปถโพฺย	1
pathavicalanapañho	ñho	1	ปถวิจลนปญฺโห	ปถวิจลนปโญฺห	1
pathavisandhārakapañho	ñho	1	ปถวิสนฺธารกปญฺโห	ปถวิสนฺธารกปโญฺห	1
pavanaṅgapañho	ñho	1	ปวนงฺคปญฺโห	ปวนงฺคปโญฺห	1
pañcagatisamāruḷho	ḷho	1	ปญฺจคติสมารุฬฺโห	ปญฺจคติสมารุโฬฺห	1
pañcāyatanakammanibbattapañho	ñho	1	ปญฺจายตนกมฺมนิพฺพตฺตปญฺโห	ปญฺจายตนกมฺมนิพฺพตฺตปโญฺห	1
pañhova	ñho	1	ปญฺโหว	ปโญฺหว	1
paññattipañho	ñho	1	ปญฺญตฺติปญฺโห	ปญฺญตฺติปโญฺห	1
paññālakkhaṇapañho	ñho	1	ปญฺญาลกฺขณปญฺโห	ปญฺญาลกฺขณปโญฺห	1
paññāpatiṭṭhānapañho	ñho	1	ปญฺญาปติฏฺฐานปญฺโห	ปญฺญาปติฏฺฐานปโญฺห	1
paṭhamadvebrāhmaṇasutta	dve	1	ปฐมทฺเวพฺราหฺมณสุตฺต	ปฐมเทฺวพฺราหฺมณสุตฺต	1
paṭigaṇheyya	ṇhe	1	ปฏิคณฺเหยฺย	ปฏิคเณฺหยฺย	1
paṭiggaṇheyyaṃ	ṇhe	1	ปฏิคฺคณฺเหยฺยํ	ปฏิคฺคเณฺหยฺยํ	1
paṭiggaṇheyyāthā	ṇhe	1	ปฏิคฺคณฺเหยฺยาถา	ปฏิคฺคเณฺหยฺยาถา	1
paṭipadādosapañho	ñho	1	ปฏิปทาโทสปญฺโห	ปฏิปทาโทสปโญฺห	1
paṭisandahanapañho	ñho	1	ปฏิสนฺทหนปญฺโห	ปฏิสนฺทหนปโญฺห	1
paṭisandahanapuggalavediyanapañho	ñho	1	ปฏิสนฺทหนปุคฺคลเวทิยนปญฺโห	ปฏิสนฺทหนปุคฺคลเวทิยนปโญฺห	1
paṭisandhipañho	ñho	1	ปฏิสนฺธิปญฺโห	ปฏิสนฺธิปโญฺห	1
peṇāhikaṅgapañho	ñho	1	เปณาหิกงฺคปญฺโห	เปณาหิกงฺคปโญฺห	1
phalamanvesamānā	nve	1	ผลมนฺเวสมานา	ผลมเนฺวสมานา	1
pharusavācābhāvapañho	ñho	1	ผรุสวาจาภาวปญฺโห	ผรุสวาจาภาวปโญฺห	1
phassalakkhaṇapañho	ñho	1	ผสฺสลกฺขณปญฺโห	ผสฺสลกฺขณปโญฺห	1
phassādivinibbhujanapañho	ñho	1	ผสฺสาทิวินิพฺภุชนปญฺโห	ผสฺสาทิวินิพฺภุชนปโญฺห	1
pitupitusveva	sve	1	ปิตุปิตุสฺเวว	ปิตุปิตุเสฺวว	1
piṇḍapātamahapphalapañho	ñho	1	ปิณฺฑปาตมหปฺผลปญฺโห	ปิณฺฑปาตมหปฺผลปโญฺห	1
pubbapetādisapañho	ñho	1	ปุพฺพเปตาทิสปญฺโห	ปุพฺพเปตาทิสปโญฺห	1
pubbaṇhe	ṇhe	1	ปุพฺพณฺเห	ปุพฺพเณฺห	1
pubbaṇhena	ṇhe	1	ปุพฺพณฺเหน	ปุพฺพเณฺหน	1
purimakoṭipañho	ñho	1	ปุริมโกฏิปญฺโห	ปุริมโกฏิปโญฺห	1
purisadhorayhena	yhe	1	ปุริสโธรยฺเหน	ปุริสโธรเยฺหน	1
pādasakalikāhatapañho	ñho	1	ปาทสกลิกาหตปญฺโห	ปาทสกลิกาหตปโญฺห	1
ruhiruppādakotveva	tve	1	รุหิรุปฺปาทโกตฺเวว	รุหิรุปฺปาทโกเตฺวว	1
rukkhaṅgapañho	ñho	1	รุกฺขงฺคปญฺโห	รุกฺขงฺคปโญฺห	1
ruḷhena	ḷhe	1	รุฬฺเหน	รุเฬฺหน	1
rūpaṃtveva	tve	1	รูปํตฺเวว	รูปํเตฺวว	1
sabbabhogaparibyūḷho	ḷho	1	สพฺพโภคปริพฺยูฬฺโห	สพฺพโภคปริพฺยูโฬฺห	1
sabbamaññitānaṃtveva	tve	1	สพฺพมญฺญิตานํตฺเวว	สพฺพมญฺญิตานํเตฺวว	1
sabbamūḷho	ḷho	1	สพฺพมูฬฺโห	สพฺพมูโฬฺห	1
sabbasattahitapharaṇapañho	ñho	1	สพฺพสตฺตหิตผรณปญฺโห	สพฺพสตฺตหิตผรณปโญฺห	1
sabbaññūbhāvapañho	ñho	1	สพฺพญฺญูภาวปญฺโห	สพฺพญฺญูภาวปโญฺห	1
sabbesveva	sve	1	สพฺเพสฺเวว	สเพฺพเสฺวว	1
sabyohārānukampitassa	byo	1	สพฺโยหารานุกมฺปิตสฺส	สโพฺยหารานุกมฺปิตสฺส	1
saddhammantaradhānapañho	ñho	1	สทฺธมฺมนฺตรธานปญฺโห	สทฺธมฺมนฺตรธานปโญฺห	1
sadveḷhakaṃ	dve	1	สทฺเวฬฺหกํ	สเทฺวฬฺหกํ	1
sadveḷhako	dve	1	สทฺเวฬฺหโก	สเทฺวฬฺหโก	1
sadveḷhakā	dve	1	สทฺเวฬฺหกา	สเทฺวฬฺหกา	1
sakkapañhātveva	tve	1	สกฺกปญฺหาตฺเวว	สกฺกปญฺหาเตฺวว	1
sakkaṅgapañho	ñho	1	สกฺกงฺคปญฺโห	สกฺกงฺคปโญฺห	1
sakyehi	kye	1	สกฺเยหิ	สเกฺยหิ	1
samakabhāvapañho	ñho	1	สมกภาวปญฺโห	สมกภาวปโญฺห	1
samanvesanto	nve	1	สมนฺเวสนฺโต	สมเนฺวสโนฺต	1
samanvesanā	nve	1	สมนฺเวสนา	สมเนฺวสนา	1
samaṇatveva	tve	1	สมณตฺเวว	สมณเตฺวว	1
sammuyheyyati	yhe	1	สมฺมุยฺเหยฺยติ	สมฺมุเยฺหยฺยติ	1
sammūḷhe	ḷhe	1	สมฺมูฬฺเห	สมฺมูเฬฺห	1
sammūḷhettha	ḷhe	1	สมฺมูฬฺเหตฺถ	สมฺมูเฬฺหตฺถ	1
sammūḷhosi	ḷho	1	สมฺมูฬฺโหสิ	สมฺมูโฬฺหสิ	1
sammūḷhoti	ḷho	1	สมฺมูฬฺโหติ	สมฺมูโฬฺหติ	1
sampakkhandanalakkhaṇasaddhāpañho	ñho	1	สมฺปกฺขนฺทนลกฺขณสทฺธาปญฺโห	สมฺปกฺขนฺทนลกฺขณสทฺธาปโญฺห	1
sampamūḷhettha	ḷhe	1	สมฺปมูฬฺเหตฺถ	สมฺปมูเฬฺหตฺถ	1
sampamūḷho	ḷho	1	สมฺปมูฬฺโห	สมฺปมูโฬฺห	1
sampasādanalakkhaṇasaddhāpañho	ñho	1	สมฺปสาทนลกฺขณสทฺธาปญฺโห	สมฺปสาทนลกฺขณสทฺธาปโญฺห	1
sampasādanīyantveva	ntve	1	สมฺปสาทนียนฺตฺเวว	สมฺปสาทนียเนฺตฺวว	1
samuddapañho	ñho	1	สมุทฺทปญฺโห	สมุทฺทปโญฺห	1
samuddaṅgapañho	ñho	1	สมุทฺทงฺคปญฺโห	สมุทฺทงฺคปโญฺห	1
samupabbuḷho	ḷho	1	สมุปพฺพุฬฺโห	สมุปพฺพุโฬฺห	1
samupabyuḷho	ḷho	1	สมุปพฺยุฬฺโห	สมุปพฺยุโฬฺห	1
samādhipañho	ñho	1	สมาธิปญฺโห	สมาธิปโญฺห	1
samūpabyūḷho	ḷho	1	สมูปพฺยูฬฺโห	สมูปพฺยูโฬฺห	1
santhavapañho	ñho	1	สนฺถวปญฺโห	สนฺถวปโญฺห	1
sappaṅgapañho	ñho	1	สปฺปงฺคปญฺโห	สปฺปงฺคปโญฺห	1
sappimaṇḍotveva	tve	1	สปฺปิมณฺโฑตฺเวว	สปฺปิมโณฺฑเตฺวว	1
sarāgavītarāganānākaraṇapañho	ñho	1	สราควีตราคนานากรณปญฺโห	สราควีตราคนานากรณปโญฺห	1
satapattaṅgapañho	ñho	1	สตปตฺตงฺคปญฺโห	สตปตฺตงฺคปโญฺห	1
sataṇhātaṇhesu	ṇhe	1	สตณฺหาตณฺเหสุ	สตณฺหาตเณฺหสุ	1
satilakkhaṇapañho	ñho	1	สติลกฺขณปญฺโห	สติลกฺขณปโญฺห	1
sattātveva	tve	1	สตฺตาตฺเวว	สตฺตาเตฺวว	1
satyesa	tye	1	สตฺเยส	สเตฺยส	1
sayho	yho	1	สยฺโห	สโยฺห	1
saññālakkhaṇapañho	ñho	1	สญฺญาลกฺขณปญฺโห	สญฺญาลกฺขณปโญฺห	1
saṃgataklesaṃ	kle	1	สํคตกฺเลสํ	สํคตเกฺลสํ	1
saṃmūḷho	ḷho	1	สํมูฬฺโห	สํมูโฬฺห	1
saṃsārapañho	ñho	1	สํสารปญฺโห	สํสารปโญฺห	1
saṃvirūḷhetha	ḷhe	1	สํวิรูฬฺเหถ	สํวิรูเฬฺหถ	1
saṃyogaparamātveva	tve	1	สํโยคปรมาตฺเวว	สํโยคปรมาเตฺวว	1
saṅgaṇhe	ṇhe	1	สงฺคณฺเห	สงฺคเณฺห	1
saṅkhārajāyamānapañho	ñho	1	สงฺขารชายมานปญฺโห	สงฺขารชายมานปโญฺห	1
saṅkāraggitveva	tve	1	สงฺการคฺคิตฺเวว	สงฺการคฺคิเตฺวว	1
saṇhoti	ṇho	1	สณฺโหติ	สโณฺหติ	1
seṭṭhadhammapañho	ñho	1	เสฏฺฐธมฺมปญฺโห	เสฏฺฐธมฺมปโญฺห	1
should	sho	1	สฺโหอุลฺทฺ	โสฺหอุลฺทฺ	1
sivirājacakkhudānapañho	ñho	1	สิวิราชจกฺขุทานปญฺโห	สิวิราชจกฺขุทานปโญฺห	1
soḷasasvettha	sve	1	โสฬสสฺเวตฺถ	โสฬสเสฺวตฺถ	1
subhakiṇhesu	ṇhe	1	สุภกิณฺเหสุ	สุภกิเณฺหสุ	1
subhakiṇho	ṇho	1	สุภกิณฺโห	สุภกิโณฺห	1
sukhumapañho	ñho	1	สุขุมปญฺโห	สุขุมปโญฺห	1
suphassotveva	tve	1	สุผสฺโสตฺเวว	สุผโสฺสเตฺวว	1
supinapañho	ñho	1	สุปินปญฺโห	สุปินปโญฺห	1
suppasayho	yho	1	สุปฺปสยฺโห	สุปฺปสโยฺห	1
supubbaṇho	ṇho	1	สุปุพฺพณฺโห	สุปุพฺพโณฺห	1
susamārūḷho	ḷho	1	สุสมารูฬฺโห	สุสมารูโฬฺห	1
susāyanho	nho	1	สุสายนฺโห	สุสายโนฺห	1
suvaṇṇantveva	ntve	1	สุวณฺณนฺตฺเวว	สุวณฺณเนฺตฺวว	1
suvaṇṇaṃtveva	tve	1	สุวณฺณํตฺเวว	สุวณฺณํเตฺวว	1
suvākyena	kye	1	สุวากฺเยน	สุวาเกฺยน	1
svedānāhaṃ	sve	1	สฺเวทานาหํ	เสฺวทานาหํ	1
sākhalyena	lye	1	สาขลฺเยน	สาขเลฺยน	1
sālakalyāṇikaṅgapañho	ñho	1	สาลกลฺยาณิกงฺคปญฺโห	สาลกลฺยาณิกงฺคปโญฺห	1
sāmantasabyohāre	byo	1	สามนฺตสพฺโยหาเร	สามนฺตสโพฺยหาเร	1
sāḷhena	ḷhe	1	สาฬฺเหน	สาเฬฺหน	1
sāḷhopi	ḷho	1	สาฬฺโหปิ	สาโฬฺหปิ	1
sīhaṅgapañho	ñho	1	สีหงฺคปญฺโห	สีหงฺคปโญฺห	1
sīlalakkhaṇapañho	ñho	1	สีลลกฺขณปญฺโห	สีลลกฺขณปโญฺห	1
sītuṇhena	ṇhe	1	สีตุณฺเหน	สีตุเณฺหน	1
sūriyatapanapañho	ñho	1	สูริยตปนปญฺโห	สูริยตปนปโญฺห	1
sūriyaṅgapañho	ñho	1	สูริยงฺคปญฺโห	สูริยงฺคปโญฺห	1
tacchakaṅgapañho	ñho	1	ตจฺฉกงฺคปญฺโห	ตจฺฉกงฺคปโญฺห	1
tatratumhe	mhe	1	ตตฺรตุมฺเห	ตตฺรตุเมฺห	1
tatreke	tre	1	ตตฺเรเก	ตเตฺรเก	1
tejaṅgapañho	ñho	1	เตชงฺคปญฺโห	เตชงฺคปโญฺห	1
tejotveva	tve	1	เตโชตฺเวว	เตโชเตฺวว	1
thanassitadārakaṅgapañho	ñho	1	ถนสฺสิตทารกงฺคปญฺโห	ถนสฺสิตทารกงฺคปโญฺห	1
therapaṭisandahanāpaṭisandahanapañho	ñho	1	เถรปฏิสนฺทหนาปฏิสนฺทหนปญฺโห	เถรปฏิสนฺทหนาปฏิสนฺทหนปโญฺห	1
thusaggitveva	tve	1	ถุสคฺคิตฺเวว	ถุสคฺคิเตฺวว	1
tulyo	lyo	1	ตุลฺโย	ตุโลฺย	1
tumheetarahi	mhe	1	ตุมฺเหเอตรหิ	ตุเมฺหเอตรหิ	1
tumhehipi	mhe	1	ตุมฺเหหิปิ	ตุเมฺหหิปิ	1
tumheti	mhe	1	ตุมฺเหติ	ตุเมฺหติ	1
tumhettha	mhe	1	ตุมฺเหตฺถ	ตุเมฺหตฺถ	1
tumhevadāni	mhe	1	ตุมฺเหวทานิ	ตุเมฺหวทานิ	1
tumheyeva	mhe	1	ตุมฺเหเยว	ตุเมฺหเยว	1
tumheāyasmanto	mhe	1	ตุมฺเหอายสฺมนฺโต	ตุเมฺหอายสฺมโนฺต	1
tuyhesā	yhe	1	ตุยฺเหสา	ตุเยฺหสา	1
tuyheveso	yhe	1	ตุยฺเหเวโส	ตุเยฺหเวโส	1
tvañhettha	ñhe	1	ตฺวญฺเหตฺถ	ตฺวเญฺหตฺถ	1
tvevānatthasaṃhitaṃ	tve	1	ตฺเววานตฺถสํหิตํ	เตฺววานตฺถสํหิตํ	1
tvevāti	tve	1	ตฺเววาติ	เตฺววาติ	1
ubbāḷhoti	ḷho	1	อุพฺพาฬฺโหติ	อุพฺพาโฬฺหติ	1
udakasattajīvapañho	ñho	1	อุทกสตฺตชีวปญฺโห	อุทกสตฺตชีวปโญฺห	1
udarasaṃyatapañho	ñho	1	อุทรสํยตปญฺโห	อุทรสํยตปโญฺห	1
udayapañhe	ñhe	1	อุทยปญฺเห	อุทยปเญฺห	1
ukkarasveva	sve	1	อุกฺกรสฺเวว	อุกฺกรเสฺวว	1
ulūkaṅgapañho	ñho	1	อุลูกงฺคปญฺโห	อุลูกงฺคปโญฺห	1
undūraṅgapañho	ñho	1	อุนฺทูรงฺคปญฺโห	อุนฺทูรงฺคปโญฺห	1
upacikaṅgapañho	ñho	1	อุปจิกงฺคปญฺโห	อุปจิกงฺคปโญฺห	1
uparūḷhesu	ḷhe	1	อุปรูฬฺเหสุ	อุปรูเฬฺหสุ	1
upasampadāpañho	ñho	1	อุปสมฺปทาปญฺโห	อุปสมฺปทาปโญฺห	1
uppajjanapañho	ñho	1	อุปฺปชฺชนปญฺโห	อุปฺปชฺชนปโญฺห	1
uppajjatijānanapañho	ñho	1	อุปฺปชฺชติชานนปญฺโห	อุปฺปชฺชติชานนปโญฺห	1
uttarakurukādigamanapañho	ñho	1	อุตฺตรกุรุกาทิคมนปญฺโห	อุตฺตรกุรุกาทิคมนปโญฺห	1
uttarasve	sve	1	อุตฺตรสฺเว	อุตฺตรเสฺว	1
uttarikaraṇīyapañho	ñho	1	อุตฺตริกรณียปญฺโห	อุตฺตริกรณียปโญฺห	1
uttaritve	tve	1	อุตฺตริตฺเว	อุตฺตริเตฺว	1
uḍḍayheyya	yhe	1	อุฑฺฑยฺเหยฺย	อุฑฺฑเยฺหยฺย	1
uṇhabhāvapañho	ñho	1	อุณฺหภาวปญฺโห	อุณฺหภาวปโญฺห	1
uṇhesu	ṇhe	1	อุณฺเหสุ	อุเณฺหสุ	1
uṇhodakamapucchisuṃ	ṇho	1	อุณฺโหทกมปุจฺฉิสุํ	อุโณฺหทกมปุจฺฉิสุํ	1
uṇhodakapaṭiggahaṃ	ṇho	1	อุณฺโหทกปฏิคฺคหํ	อุโณฺหทกปฏิคฺคหํ	1
uṇhodakasmiṃ	ṇho	1	อุณฺโหทกสฺมิํ	อุโณฺหทกสฺมิํ	1
uṇhodakassa	ṇho	1	อุณฺโหทกสฺส	อุโณฺหทกสฺส	1
vadhabandhapariklesaṃ	kle	1	วธพนฺธปริกฺเลสํ	วธพนฺธปริเกฺลสํ	1
vagguliṅgapañho	ñho	1	วคฺคุลิงฺคปญฺโห	วคฺคุลิงฺคปโญฺห	1
varāhaṅgapañho	ñho	1	วราหงฺคปญฺโห	วราหงฺคปโญฺห	1
vasamanvetu	nve	1	วสมนฺเวตุ	วสมเนฺวตุ	1
vassagaṇanapañho	ñho	1	วสฺสคณนปญฺโห	วสฺสคณนปโญฺห	1
vatthaguyhanidassanapañho	ñho	1	วตฺถคุยฺหนิทสฺสนปญฺโห	วตฺถคุยฺหนิทสฺสนปโญฺห	1
vaṃsaṅgapañho	ñho	1	วํสงฺคปญฺโห	วํสงฺคปโญฺห	1
vaṇṇabhaṇanapañho	ñho	1	วณฺณภณนปญฺโห	วณฺณภณนปโญฺห	1
vedanālakkhaṇapañho	ñho	1	เวทนาลกฺขณปญฺโห	เวทนาลกฺขณปโญฺห	1
vedanāpañho	ñho	1	เวทนาปญฺโห	เวทนาปโญฺห	1
vessantarapañho	ñho	1	เวสฺสนฺตรปญฺโห	เวสฺสนฺตรปโญฺห	1
vicchikaṅgapañho	ñho	1	วิจฺฉิกงฺคปญฺโห	วิจฺฉิกงฺคปโญฺห	1
vicāralakkhaṇapañho	ñho	1	วิจารลกฺขณปญฺโห	วิจารลกฺขณปโญฺห	1
vimaticchedanapañhoti	ñho	1	วิมติจฺเฉทนปญฺโหติ	วิมติเจฺฉทนปโญฺหติ	1
vināmetvādve	dve	1	วินาเมตฺวาทฺเว	วินาเมตฺวาเทฺว	1
vipattīnaṃdve	dve	1	วิปตฺตีนํทฺเว	วิปตฺตีนํเทฺว	1
visamanveti	nve	1	วิสมนฺเวติ	วิสมเนฺวติ	1
visaṭṭhavākyo	kyo	1	วิสฏฺฐวากฺโย	วิสฏฺฐวาโกฺย	1
vitakkalakkhaṇapañho	ñho	1	วิตกฺกลกฺขณปญฺโห	วิตกฺกลกฺขณปโญฺห	1
vitakkuṇhodakena	ṇho	1	วิตกฺกุณฺโหทเกน	วิตกฺกุโณฺหทเกน	1
viññāṇalakkhaṇapañho	ñho	1	วิญฺญาณลกฺขณปญฺโห	วิญฺญาณลกฺขณปโญฺห	1
viññāṇanānatthapañho	ñho	1	วิญฺญาณนานตฺถปญฺโห	วิญฺญาณนานตฺถปโญฺห	1
viññāṇaṃtveva	tve	1	วิญฺญาณํตฺเวว	วิญฺญาณํเตฺวว	1
vuyheyya	yhe	1	วุยฺเหยฺย	วุเยฺหยฺย	1
vuḷho	ḷho	1	วุฬฺโห	วุโฬฺห	1
vāyasaṅgapañho	ñho	1	วายสงฺคปญฺโห	วายสงฺคปโญฺห	1
vāyotveva	tve	1	วาโยตฺเวว	วาโยเตฺวว	1
vāyuṅgapañho	ñho	1	วายุงฺคปญฺโห	วายุงฺคปโญฺห	1
vāyāmakaraṇapañho	ñho	1	วายามกรณปญฺโห	วายามกรณปโญฺห	1
vīmaṃsanapañho	ñho	1	วีมํสนปญฺโห	วีมํสนปโญฺห	1
vīmaṃsāsamādhipadhānasaṅkhārotveva	tve	1	วีมํสาสมาธิปธานสงฺขาโรตฺเวว	วีมํสาสมาธิปธานสงฺขาโรเตฺวว	1
vīriyalakkhaṇapañho	ñho	1	วีริยลกฺขณปญฺโห	วีริยลกฺขณปโญฺห	1
vīriyasamādhipadhānasaṅkhārotveva	tve	1	วีริยสมาธิปธานสงฺขาโรตฺเวว	วีริยสมาธิปธานสงฺขาโรเตฺวว	1
yakkhapañho	ñho	1	ยกฺขปญฺโห	ยกฺขปโญฺห	1
yamhokāse	mho	1	ยมฺโหกาเส	ยโมฺหกาเส	1
yathāmūḷhena	ḷhe	1	ยถามูฬฺเหน	ยถามูเฬฺหน	1
yogikathāpañhoti	ñho	1	โยคิกถาปญฺโหติ	โยคิกถาปโญฺหติ	1
ñāṇapaññāpañho	ñho	1	ญาณปญฺญาปญฺโห	ญาณปญฺญาปโญฺห	1
ācariyānācariyapañho	ñho	1	อาจริยานาจริยปญฺโห	อาจริยานาจริยปโญฺห	1
ākāravatītveva	tve	1	อาการวตีตฺเวว	อาการวตีเตฺวว	1
ākāsaṅgapañho	ñho	1	อากาสงฺคปญฺโห	อากาสงฺคปโญฺห	1
āpajjiṃdvemāsappaṭicchannāyo	dve	1	อาปชฺชิํทฺเวมาสปฺปฏิจฺฉนฺนาโย	อาปชฺชิํเทฺวมาสปฺปฏิจฺฉนฺนาโย	1
āpattīnaṃdvemāsappaṭicchannānaṃ	dve	1	อาปตฺตีนํทฺเวมาสปฺปฏิจฺฉนฺนานํ	อาปตฺตีนํเทฺวมาสปฺปฏิจฺฉนฺนานํ	1
āpaṅgapañho	ñho	1	อาปงฺคปญฺโห	อาปงฺคปโญฺห	1
āpotveva	tve	1	อาโปตฺเวว	อาโปเตฺวว	1
āruḷhena	ḷhe	1	อารุฬฺเหน	อารุเฬฺหน	1
āsevanedve	dve	1	อาเสวเนทฺเว	อาเสวเนเทฺว	1
āyatapamhe	mhe	1	อายตปมฺเห	อายตปเมฺห	1
āḷārapamhe	mhe	1	อาฬารปมฺเห	อาฬารปเมฺห	1
ḷho	ḷho	1	ฬฺโห	โฬฺห	1
ṇhodakena	ṇho	1	ณฺโหทเกน	โณฺหทเกน	1
