length	word
25	กิริยามโนวิญฺญาณธาตุ-อุเปกฺขาสหคต
25	กิริยามโนวิญฺญาณธาตุโสมนสฺสสหคต
25	คิลานปจฺจยเภสชฺชปริกฺขาราธิมุตฺโต
25	จณฺฑาลกุมารกจณฺฑาลกุมาริกาสเมน
25	จิตฺตสมาธิปฺปธานสงฺขารสมนฺนาคโต
25	ฉนฺทสมาธิปฺปธานสงฺขารสมนฺนาคโต
25	ญาณวิปฺปยุตฺตโสมนสฺสมฺปยุตฺตจิตฺตสฺส
25	ญาณสมฺปยุตฺต-อุเปกฺขาวิปยุตฺตจิตฺตสฺส
25	ฐานจงฺกมนิสชฺชาสยนาหารปริคฺคโห
25	ทิฏฺฐธมฺมาภิญฺญาโวสานปารมิปฺปตฺตา
25	นานาติตฺถิยสมณพฺราหฺมณปริพฺพาชกา
25	นิกฺขิตฺตมณิสุวณฺโณอเปตชาตรูปรชโต
25	ปปญฺจสญฺญาสงฺขานิโรธสารุปฺปคามินิํ
25	ปรนฺตโปปรปริตาปนานุโยคมนุยุตฺโต
25	ปริมณฺฑส-อโนนมชณฺณุปริมสนลกฺขณานิ
25	ปหานายอสลฺลีนตฺตปหิตตฺตปคฺคหฏฺเฐ
25	พฺยาปาทวิตกฺกปฏิวิโนทนาธิปฺปายตา
25	มนาปิกมนาปิกขชฺชโภชฺชเลยฺยเปยฺย
25	ยาวปารายนานุคีติคาถาปริโยสานา
25	รูปราค-อรูปราคมาน-อุทฺธจฺจ-อวิชฺชาย
25	วิมลขีณาสวพลปฺปตฺตวสีภูตมหาภูตานํ
25	วีมํสาสมาธิปธานสงฺขารสมนฺนาคเต
25	วีมํสาสมาธิปธานสงฺขารสมนฺนาคโต
25	วีมํสาสมาธิปฺปธานสงฺขารสมนฺนาคตํ
25	วีริยสมาธิปฺปธานสงฺขารสมนฺนาคโต
25	สนฺนทฺธสชฺชมหติมหาสตฺถปริเยสเนน
25	สมถวิปสฺสนามคฺคผลนิพฺพานทสฺสนาย
25	สีลสมาธิปญฺญาวิมุตฺติพลสมตฺถภาเวน
25	สุจริตวตฺตปฺปฏิวตฺตมาติกาสมฺปนฺเนน
25	สุราเมรยมชฺชปฺปมาทฏฺฐานปฺปจฺจยา
25	สุราเมรยมชฺชปฺปมาทฏฺฐานานุโยเค
25	สุราเมรยมชฺชปฺปมาทฏฺฐานานุโยโค
25	สโกสกโกรณฺฑทายกตฺเถรสฺสาปทานํ
25	สํโยชนาภินิเวสวินิพนฺธาชฺโฌสานาติ
25	อตฺตหิตปรหิต-อุภยหิตสพฺพโลกหิตเมว
25	อตฺตหิตปรหิต-อุภยหิตสพฺพโลกหิภเมว
25	อนวชฺชนิปุณสุขุมสนฺติสุขมนติกฺกมนาย
25	อนุปฺปตฺตสทตฺโถปริกฺขีณภวสญฺโญชโน
25	อปฺปมาณารมฺมณมหคฺคตจิตฺตสมงฺคิสฺส
25	อปฺเปกจฺเจปรโลกวชฺชภยทสฺสาวิเน
25	อรหนฺตเตวิชฺชฉฬภิญฺญสมณมณิรตเนหิ
25	อากาสานญฺจายตนสมาปตฺตาธิมุตฺโต
25	อากาสานญฺจายตนสุขุมสจฺจสญฺญีเยว
25	อากิญฺจญฺญายตนสมาปตฺติํภาเวนฺโตปิ
25	อาทาสทุสฺสมณฺฑนานุโยคมนุยุตฺตสีลา
25	อานาปานสฺสติภาวนานุโยคมนุยุตฺตา
25	อุจฺฉาทนปริมทฺทนนฺหาปนสมฺพาหเนน
25	อุตุปริสฺสยวิโนทนปฏิสลฺลานารามตฺถํ
25	อุเปกฺขาสมฺปยุตฺตญาสมฺปยุตฺตจิตฺตสฺส
25	อเตกิจฺฉวุฏฺฐานเทสนานิคฺคหปฏิกมฺม
25	อเนกสตนหุตมหาคงฺคาสตสหสฺเสหิปิ
25	เนวสญฺญานาสญฺญายตนสมาปตฺติยาปิ
25	เภริปณววํสสงฺขฑิณฺฑิมนินฺนาทสทฺทานํ
25	โสกปริเทวทุกฺขโทมนสฺส-อุปายาสาติ
25	โสกปริเทวทุกฺขโทมนสฺสุปายาสทุกฺขํ
26	คิลานปจฺจยเภสชฺชปริกฺขารปลิโพเธน
26	จตุราสีติพฺราหฺมณกญฺญาภิกฺขุนีสหสฺสานิ
26	ชาติกนฺตารกิเลสวนคหนนิตฺถรณฏฺเฐน
26	ญาณวิปฺปยุตฺต-อุเปกฺขาวิปฺปยุตฺตจิตฺตสฺส
26	ญาณวิปฺปยุตฺต-อุเปกฺขาสมฺปยุตฺตจิตฺตสฺส
26	ญาณวิปฺปยุตฺตโสมนสฺสวิปฺปยุตฺตจิตฺตสฺส
26	ญาณวิปฺปยุตฺตโสมนสฺสสมฺปยุตฺตจิตฺตสฺส
26	ญาณสมฺปยุตฺต-อุเปกฺขาวิปฺปยุตฺตจิตฺตสฺส
26	ญาณสมฺปยุตฺตโสมนสฺสวิปฺปยุตฺตจิตฺตสฺส
26	ญาณสมฺปยุตฺตโสมนสฺสสมฺปยุตฺตจิตฺตสฺส
26	ทิฏฺฐธมฺมาภิญฺญาโวสานปารมิปฺปตฺตานํ
26	ทิฏฺฐิคตวิปฺปยุตฺตโลภสหคตจิตฺตุปฺปาทา
26	ทิฏฺฐิคตสมฺปยุตฺตโลภสหคตจิตฺตุปฺปาทา
26	ทีตฬากโปกฺขรณีมิคปกฺขิมนุชนรนาริคณํ
26	น-อาสวสมฺปยุตฺตน-อนิทสฺสนสปฺปฏิฆมูเล
26	ปุตฺตทารทาสกมฺมกรโปริสานุกมฺปิตสฺส
26	มุทฺทาคณนาสงฺขฺยาเลขาสิปฺปฏฺฐาเนสุ
26	ยสวตีปมุข-อฏฺฐารสภิกฺขุนีสหสฺสาปทานํ
26	ลาภยสสกฺการมานนวนฺทนปูชน-อปจิตีสุ
26	วิกุพฺพนาธิฏฺฐานาภินีหารกุสลาอิทฺธิยา
26	วิปฺปยุตฺเตนสงฺคหิตาสงฺคหิตปทนิทฺเทส
26	วีมํสาสมาธิปฺปธานสงฺขารสมนฺนาคโต
26	สกฺกายทิฏฺฐิวิจิกิจฺฉาสีลพฺพตปรามาสา
26	สงฺคหิเตนสมฺปยุตฺตวิปฺปยุตฺตปทนิทฺเทส
26	สนฺโทสพฺยาปตฺติ-อกุสลสญฺเจตนิกาเหตุ
26	สมณพฺราหฺมณกปณทฺธิกวณิพฺพกยาจกานํ
26	สมณพฺราหฺมณกปณทฺธิกวนิพฺพกยาจกานํ
26	สมาปนฺนสฺสอากาสานญฺจายตนสญฺญาย
26	สุขสมฺผสฺสมหติมหาสิริสยนปริเยสเนน
26	องฺคุลิวินามนปาทฐปนสรคฺคหณสนฺนหน
26	อนาคตารมฺมณปจฺจุปฺปนฺนจิตฺตสมงฺคิสฺส
26	อปฺปมาณารมฺมณ-อปฺปมาณจิตฺตสมงฺคิสฺส
26	อภิวาทนปจฺจุฏฺฐานสมฺมานนปูชนารโห
26	อุเปกฺขาวิปฺปยุตฺตญาณวิปฺปยุตฺตจิตฺตสฺส
26	อุเปกฺขาวิปฺปยุตฺตญาณสมฺปยุตฺตจิตฺตสฺส
26	อุเปกฺขาสมฺปยุตฺตญาณวิปฺปยุตฺตจิตฺตสฺส
26	อุเปกฺขาสมฺปยุตฺตญาณสมฺปยุตฺตจิตฺตสฺส
26	อเนกวิธสามญฺญคุณวรรตนุฏฺฐานฏฺเฐน
26	เทฺวมาสปฺปฏิจฺฉนฺนานํเอกมาสปริวาสํ
26	เทฺวมาสปฺปฏิจฺฉนฺนายเทฺวมาสปริวาสํ
26	เนวสญฺญานาสญฺญายตนสมาปตฺตินิฏฺโฐ
26	เนวสญฺญานาสญฺญายตนสมาปตฺติวเสน
26	เนวาจยคามินาปจยคามิจิตฺตสมงฺคิสฺส
26	โสกปริเทวทุกฺขโทมนสฺสุปายาสธมฺมา
26	โสมนสฺสวิปฺปยุตฺตญาณวิปฺปยุตฺตจิตฺตสฺส
26	โสมนสฺสวิปฺปยุตฺตญาณสมฺปยุตฺตจิตฺตสฺส
26	โสมนสฺสสมฺปยุตฺตญาณวิปฺปยุตฺตจิตฺตสฺส
26	โสมนสฺสสมฺปยุตฺตญาณสมฺปยุตฺตจิตฺตสฺส
27	กงฺขาวิตรณวิสุทฺธิอนุปาทาปรินิพฺพานนฺติ
27	จาปเภทจาปาโรปนคฺคหณมุฏฺฐิปฺปฏิปีฬน
27	นานตฺเตกตฺตวิญฺญาณจริยาปริโยคาหเณ
27	ปสฺสทฺธิสมฺโพชฺฌงฺโคสมาธิสมฺโพชฺฌงฺโค
27	รุณฺณการุญฺญกนฺทิตปริเทวิตลาลปฺปิตมุขา
27	วินีลกวิปุพฺพก-อุทฺธุมาตกสมุคฺคหณลกฺขณา
27	สกลโลกถุตโถมิตมหติมหาโสภนกรณาย
27	สทฺธาวิปฺปยุตฺต-อุเปกฺขาวิปฺปยุตฺตจิตฺตสฺส
27	สทฺธาวิปฺปยุตฺต-อุเปกฺขาสมฺปยุตฺตจิตฺตสฺส
27	สทฺธาวิปฺปยุตฺตโสมนสฺสวิปฺปยุตฺตจิตฺตสฺส
27	สทฺธาวิปฺปยุตฺตโสมนสฺสสมฺปยุตฺตจิตฺตสฺส
27	สทฺธาสมฺปยุตฺต-อุเปกฺขาสมฺปยุตฺตจิตฺตสฺส
27	สทฺธาสมฺปยุตฺตโสมนสฺสวิปฺปยุตฺตจิตฺตสฺส
27	สพฺพสามญฺญคุณปริเยสน-อวิสํวาทกฏฺเฐน
27	สมณพฺราหฺมณกปณทฺธิกวนิพฺพกยาจกานนฺ
27	สมฺปติวิรูฬฺหสุจิคนฺธมนุญฺญมาวกปฺปเทเส
27	สาสงฺกสปฺปฏิภยวิสมกนฺตารตรณสมตฺโถ
27	สุคตาคมปริยตฺติ-อาจารสํยมสีลสํวรคุณา
27	สุจิวิมลวิปฺปสนฺนมนาวิลธมฺมวรวาริปุณฺณํ
27	อกฺขจกฺกรถปญฺชรรถทณฺฑยุครสฺมิปโตทา
27	อกฺขรปทพฺยญฺชน-อาการนิรุตฺตินิทฺเทเสหิ
27	อนุปุพฺพาภิสญฺญานิโรธสมฺปชานสมาปตฺติ
27	อภิชฺฌาลุ-กาเมสุติพฺพสาราคสนฺโทสเหตุ
27	อภิวาทนปจฺจุฏฺฐาน-อญฺชลิกมฺมสามีจิกมฺมํ
27	อสงฺคหิเตนสมฺปยุตฺตวิปฺปยุตฺตปทนิทฺเทส
27	อุณฺหกฏฺฐิตตตฺตสนฺตตฺต-อจฺจิชาลามาลเก
27	อุเปกฺขาวิปฺปยุตฺตสทฺธาวิปฺปยุตฺตจิตฺตสฺส
27	อุเปกฺขาวิปฺปยุตฺตสทฺธาสมฺปยุตฺตจิตฺตสฺส
27	อุเปกฺขาสมฺปยุตฺตสทฺธาวิปฺปยุตฺตจิตฺตสฺส
27	อุเปกฺขาสมฺปยุตฺตสทฺธาสมฺปยุตฺตจิตฺตสฺส
27	เนววิปากนวิปากธมฺมธมฺมจิตฺตสมงฺคิสฺส
27	เนวสญฺญานาสญฺญายตนสมาปตฺติยาลาภี
27	เสนาสนคิลานปจฺจยเภสชฺชปริกฺขาเรน
27	เสนาสนคิลานปจฺจยเภสชฺชปริกฺขาเรหิ
27	โสกปริเทวทุกฺขโทมนสฺสุปายาสกนฺตารํ
27	โสกปริเทวทุกฺขโทมนสฺสุปายาสทุกฺขสฺส
27	โสกปริเทวทุกฺขโทมนสฺสุปายาสธมฺมานํ
27	โสกปริเทวทุกฺขโทมนสฺสุปายาสธมฺมโต
27	โสกปริเทวทุกฺขโทมนสฺสุปายาสนิสฺสิตา
27	โสมนสฺสวิปฺปยุตฺตสทฺธาวิปฺปยุตฺตจิตฺตสฺส
27	โสมนสฺสวิปฺปยุตฺตสทฺธาสมฺปยุตฺตจิตฺตสฺส
27	โสมนสฺสสมฺปยุตฺตสทฺธาวิปฺปยุตฺตจิตฺตสฺส
27	โสมนสฺสสมฺปยุตฺตสทฺธาสมฺปยุตฺตจิตฺตสฺส
28	กุสลวิปากมโนวิญฺญาณธาตุ-อุเปกฺขาสหคต
28	กุสลวิปากมโนวิญฺญาณธาตุโสมนสฺสสหคต
28	คมฺภีรนิปุณทุทฺทสทุรนุโพธสุขุมทุปฺปฏิเวธตํ
28	จีวรปิณฺฑปาตเสนาสนคิลานปจฺจยเภสชฺช
28	ปจฺจุปฺปนฺนารมฺมณปจฺจุปฺปนฺนจิตฺตสมงฺคิสฺส
28	ปรลาภสกฺการครุการมานนวนฺทนปูชนาสุ
28	ปรูปเสวนปิยสมุลฺลาปปจฺฉาปุเรธาวเนน
28	พุธวิพุธปณฺฑิตชานานํถุตถวิตโถมิตปสตฺโถ
28	พฺยาปนฺนจิตฺตปทุฏฺฐมนสงฺกปฺปสนฺโทสเหตุ
28	มนาปิกมนาปิกคีตวาทิตพหุวิธสุภนิมิตฺเตน
28	มาลาคนฺธวิเลปนธารณมณฺฑนวิภูสนฏฺฐานํ
28	มาลาคนฺธวิเลปนธารมณฺฑนวิภูสนฏฺฐานา
28	ยโสธราปมุข-อฏฺฐารสภิกฺขุนีสหสฺส-อปทาน
28	ยโสธราปมุข-อฏฺฐารสภิกฺขุนีสหสฺสาปทานํ
28	ลาภสกฺการสิโลกวนฺทนมานนปูชนการณา
28	วิปากาพฺยากตกิริยาพฺยากตจิตฺตสมงฺคิสฺส
28	สตฺถคฺคหณเฉทนเลขนเวธนสลฺลุทฺธรณวณ
28	สทฺธาสมฺปยุตฺตสฺโสมนสฺสสมฺปยุตฺตจิตฺตสฺส
28	สมาธิกฺขนฺธธมฺมสารสีลสาขาปริวิตฺถิณฺณา
28	อคลุตครตาลีสกโลหิตจนฺทนานุลิตฺตคตฺโต
28	อนิจฺจุจฺฉาทนปริมทฺทนเภทนวิทฺธํสนธมฺโม
28	อากาสานญฺจายตนสมาปตฺติปฏิลาภตฺถาย
28	อากิณฺณเนลมณฺฑลมหาวราหนาคกุลกเรณุ
28	อาจารสีลคุณวตฺตปฏิปตฺติสลฺเลขธุตคุเณน
28	อาตาเปตฺวาฐานจงฺกมนิสชฺชาสยนาหารํ
28	อารามุยฺยาโนปวนตฬากโปกฺขรณิสมฺปนฺนํ
28	อาเวฐนวินิเวฐนกฑฺฒนนิคฺคหปฺปฏิกมฺเมน
28	อิตรีตรจีวรปิณฺฑปาตเสนาสนคิลานปจฺจย
28	อิทฺธิปาทฌานวิโมกฺขสมาธิสมาสมาปตฺตีนํ
28	อินฺทฺริยพลโพชฺฌงฺคสติปฏฺฐานสมฺมปฺปธาน
28	อุเปกฺขาวิปฺปยุตฺตสิมนสฺสวิปฺปยุตฺตจิตฺตสฺส
28	เนวทสฺสเนนนภาวนายปหาตพฺพเหตุกปท
28	เนวสญฺญานาสญฺญายตนสญฺญาสญฺญาสหคตํ
28	เนวสญฺญานาสญฺญายตนสมาปตฺตาธิมุตฺโต
28	เนวสญฺญานาสญฺญายตนสมาปตฺติปรายโณ
28	เสนาสนคิลานปฺปจฺจยเภสชฺชปริกฺขารานํ
28	โสกปริเทวทุกฺขโทมนสฺสุปายาสปปาตมฺปิ
29	กามตณฺหาภวตณฺหาวิภวตณฺหาปิปาสาวินยนํ
29	คิลานปฺปจฺจยเภสชฺชปริกฺขารานุปฺปทาเนน
29	จีวรปิณฺฑปาตเสนาสนคิลานปฺปจฺจยเภสชฺช
29	มาลาคนฺธวิเลปนธารณมณฺฑนวิภูสนฏฺฐานา
29	วจฺจมคฺคปสฺสาวมคฺคเมถุนธมฺมปฺปฏิสํยุตฺตา
29	สลฺเลขิตาจารปฺปฏิปตฺติธุตงฺคคุณธรนิสฺสิตา
29	สลฺเลขิตาจารปฺปฏิปตฺติธุตวรงฺคคุณนิสฺสิตา
29	สาวชฺชกายกมฺมนฺตวจีกมฺมนฺตมโนกมฺมนฺโต
29	สิกฺขาขคฺคมนฺตสุติสมฺมุติยุทฺธยุชฺฌาปนกิริยา
29	สุปฺปสาริตาเนกวิธวรภณฺฑปริปูริตนฺตราปณํ
29	สุสณฺฐิตมกมฺปิตมลุฬิตสภาวปริสุทฺธาจาเรน
29	อติมุตฺตกสํกุสุมิตลตาวิตตปฏิมณฺฑิตปฺปเทเส
29	อนิจฺจุจฺฉาทนปริมทฺทนเภทนวิทฺธํสนธมฺมสฺส
29	อารามุยฺยานตฬากโปกฺขรณิ-อุทปานสมฺปนฺนํ
29	อิตรีตรจีวรปิณฺฑปาตเสนาสนคิลานปฺปจฺจย
29	อุจฺฉาทนปริมทฺทนนหาปนสมฺพาหนมตฺตเกน
29	อุเปกฺขาวิปฺปยุตฺตโสมนสฺสวิปฺปยุตฺตจิตฺตสฺส
29	เสขาเสขวิปสฺสนาปุพฺพงฺคมปฺปหานโยเคน
29	โสกปริเทวทุกฺขโทมนสฺสุปายาสนฺธการมฺปิ
29	โสมนสฺสวิปฺปยุตฺต-อุเปกฺขาวิปฺปยุตฺตจิตฺตสฺส
30	กาสิกโกฏุมฺพริกาทินานาวิธวตฺถาปณสมฺปนฺนํ
30	กิเลสวสฺสติวิธคฺคิสนฺตาปาตปปฏิพาหนฏฺเฐน
30	คชตุรงฺครถสุ-วณฺณรชตมณิมุตฺตา-อิตฺถิรตนาทีนิ
30	คิลานปจฺจยเภสชฺชปริกฺขารานุปฺปทาเนนาติ
30	ติวิธกายกมฺมนฺตสมฺปตฺติกุสลสญฺเจตนิกาเหตุ
30	ติวิธมโนกมฺมนฺตสมฺปตฺติกุสลสญฺเจตนิกาเหตุ
30	นุลิมฺปนวมนวิเรจนานุวาสนกิริยมนุสิกฺขิตฺวา
30	ปรภณฺฑนกลหวิคฺคหวิวาทริตฺตชฺฌาน-อรติชนนํ
30	ปริสุทฺธวิมลนิกฺกณฺฏกปณฺฑรวรปฺปวรสาสนโต
30	ยูถิกาติมุตฺตกปาฏลุปฺปลวสฺสิกมลฺลิกาวิจิตฺโต
30	สารวรปวร-อภิชาตชาติมนฺตรตฺตโลหิตจนฺทนํ
30	สิถิลธนิตทีฆรสฺสครุกลหุกกฺขรปริจฺเฉทกุสลา
30	หิมคิริสิขรสงฺกาสวรภวนสตสหสฺสปฺปฏิมณฺฑิตํ
30	อทฺธมาสิกํปริยายภตฺตโภชนานุโยคมนุยุตฺโต
30	อภิวาทนปจฺจุฏฺฐาน-อญฺชลิกมฺมสามีจิกมฺมานีติ
30	อีสา-อกฺขจกฺกรถปญฺชรรถทณฺฑยุครสฺมิปโตทา
30	เฉทนวธพนฺธนวิปราโมส-อาโลปสหสาการา
30	โสกปริเทวทุกฺขโทนมสฺสุปายาสสํวตฺตนิเกปิ
30	โสกปริเทวทุกฺขโทมนสฺสุปายาสสํวตฺตนิเกปิ
30	โสกปริเทวทุกฺขโทมนสฺสุปายาสสํวตฺตนิเกสุ
31	จตุพฺพิธวจีกมฺมนฺตสมฺปตฺติกุสลสญฺเจตนิกาเหตุ
31	นิรนฺตรมขณฺฑจฺฉิทฺทมสุสิรพหลฆนวิตฺถิณฺณสีเลน
31	ปริปุณฺณปีณิตปหฏฺฐโลภนียสนฺตสุขสมาปตฺติลาภี
31	รชตกนกาเนกธาตุสตวินทฺธปฏิมณฺฑิตปฺปเทเส
31	สีลสมาธิปญฺญาวิมุตฺติวิมุตฺติญาณทสฺสนปริภาวิตํ
31	อาจารสีลคุณวตฺตปฏิปตฺติวิมลนวสลิลสมฺปุณฺโณ
31	อาสววิปฺปยุตฺตนสาสวน-อนิทสฺสนสปฺปฏิฆมูเลปิ
31	อิตรีตรคิลานปจฺจยเภสชฺชปริกฺขารสนฺตุฏฺฐิยา
32	จีวรปิณฺฑปาตเสนาสนคิลานคิลานปจฺจยเภสชฺช
32	ทิฏฺฐิฏฺฐานาธิฏฺฐานปริยุฏฺฐานาภินิเวสานุสยานํ
32	วิหิํสาวิตกฺกมานุทฺธจฺจทิฏฺฐิวิจิกิจฺฉากิเลสวตฺถูนิ
32	อปริมิตวิวิธวิปุลปริสุทฺธวิชฺชาวิมุตฺติปุปฺผสํกุสุมิตํ
32	อิตรีตรคิลานปฺปจฺจยเภสชฺชปริกฺขารสนฺตุฏฺฐิยา
32	อุจฺฉิฏฺฐปฏิคฺคหณ-อุจฺฉาทนนหาปนปาทปริกมฺเมน
33	ทสฺสนมาลาคนฺธวิเลปนธารณมณฺฑนวิภูสนฏฺฐานา
33	ปิณฺฑปาตเสนาสนคิลานปจฺจยเภสชฺชปริกฺขาเรน
33	อภิธมฺมวินยคาฬฺหสุตฺตนฺตวิคฺคหปทนิกฺเขปปทสนฺธิ
33	อิตรีตรจีวรปิณฺฑปาตเสนาสนคิลานปจฺจยเภสชฺช
33	อินฺทฺริยพลโพชฺฌงฺคมคฺคงฺคสติปฏฺฐานสมฺมปฺปธาน
34	จีวรปิณฺฑปาตเสนาสนคิลานปจฺจยเภสชฺชปริกฺขารํ
34	ปิณฺฑปาตเสนาสนคิลานปฺปจฺจยเภสชฺชปริกฺขารานํ
34	มนาปิกมนาปิกสณฺหสุขุมมุทุมทฺทวพหุวิธสุภนิมิตฺเตน
34	มุตฺตากลาปมณิกลาปปวาฬกลาปาภรณปฺปฏิมณฺฑิโต
34	อิตรีตรจีวรปิณฺฑปาตเสนาสนคิลานปฺปจฺจยเภสชฺช
35	กามราคาภินิเวสวินิพนฺธปลิเคธปริยุฏฺฐานชฺโฌสานํ
35	จีรปิณฺฑปาตเสนาสนคิลานปฺปจฺจยเภ-สชฺชปริกฺขารา
35	จีวรปิณฺฑปาตเสนาสนคิลานปจฺจยเภสชฺชปริกฺขารา
35	จีวรปิณฺฑปาตเสนาสนคิลานปฺปจฺจยเภสชฺชปริกฺขารํ
35	ทิฏฺฐิราคาภินิเวสวินิพนฺธปลิเคธปริยุฏฺฐานชฺโฌสานํ
35	มุตฺตามณิเวฬุริยสงฺขสิลาปวาฬ-ผลิกมณิวิวิธรตนนิจยํ
35	สเนคมชานปทภฏพลพฺราหฺมณคหปติก-อมจฺจชนมชฺเฌ
35	อกุสลวิปฺปยุตฺตกุสลวิปฺปยุตฺตจิตฺตสฺสฺเอาปฺปาทกฺขเณ
35	อุทกาหรณฆรสมฺมชฺชนทนฺตกฏฺฐมุโขทกานุปฺปทาเนน
35	เสนาสนคิลานปฺปจฺจยเภสชฺชปริกฺขารานุปฺปทาเนน
36	จีวรปิณฺฑปาตเสนาสนคิลานปจฺจยเภสชฺชปริกฺขารานํ
36	จีวรปิณฺฑปาตเสนาสนคิลานปจฺจยเภสชฺชปริกฺขาเรหิ
36	จีวรปิณฺฑปาตเสนาสนคิลานปฺปจฺจยเภสชฺช-ปริกฺขารา
36	จีวรปิณฺฑปาตเสนาสนคิลานปฺปจฺจยเภสชฺชปริกฺขารนฺ
36	จีวรปิณฺฑปาตเสนาสนคิลานปฺปจฺจยเภสชฺชปริกฺขารา
36	สามีจิกมฺมจีวรปิณฺฑปาตเสนาสนคิลานปฺปจฺจยเภสชฺช
36	อภิวาทนปจฺจุฏฺฐาน-อญฺชลิกมฺมสามีจิกมฺมจีวรปิณฺฑปาต
36	อินฺทฺริยพลโพชฺฌงฺคสติปฏฺฐานสมฺมปฺปธาน-อิทฺธิปาเทหิ
37	จีวรปิณฺฑปาตเสนาสนคิลานปจฺจยเภสชฺชปริกฺขารานนฺ
37	จีวรปิณฺฑปาตเสนาสนคิลานปฺปจฺจยเภสชฺชปริกฺขารานํ
37	จีวรปิณฺฑปาตเสนาสนคิลานปฺปจฺจยเภสชฺชปริกฺขาเตน
37	จีวรปิณฺฑปาตเสนาสนคิลานปฺปจฺจยเภสชฺชปริกฺขาเรน
37	จีวรปิณฺฑปาตเสนาสนคิลานปฺปจฺจยเภสชฺชปริกฺขาเรหิ
37	จีวรวิณฺฑปาตเสนาสนคิลานปฺปจฺจยเภสชฺชปริกฺขารานํ
37	ชาติชราพฺยาธิมรณโสกปริเทวทุกฺขโทมนสฺสุปายาเสหิ
37	ทุจฺจริตทุคฺคติวิสมกนฺตารวิปากวินิปาตกิเลสชาลชฏิเต
37	มนาปิกมนาปิกปุปฺผผลปตฺตตจมูลสารพหุวิธสุภนิมิตฺเตน
37	สพฺพภยสุญฺญเขม-อภยวรปวรนิพฺพานนครสมฺปาปนฏฺเฐน
37	อาจารสีลคุณวตฺตปฺปฏิวตฺตพหุวิธธมฺมสงฺฆาฏสมวาเยน
37	อีวรปิณฺฑปาตเสนาสนคิลานปฺปจฺจยเภสชฺชปริกฺขารานํ
37	โสกปริเทวทุกฺขโทมนสฺสุปายาสปริฬาเหนปิปริฑยฺหนฺติ
38	จีวรปิณฺฑปาตเสนาสนคิลานปจฺจยเภสชฺชปริกฺขารานนฺติ
38	จีวรปิณฺฑปาตเสนาสนคิลานปฺปจฺจยเภสชฺชปริกฺขารานนฺ
38	จีวรปิณฺฑปาตเสนาสนคิลานปฺปจฺจยเภสชฺชปริกฺขารเหตุ
38	ทิฏฺฐิราคาภินิเวสวินิพนฺธปลิเคธปริยุฏฺฐานชฺโฌสานเหตุ
38	นินฺทาปสํสาสุขทุกฺขสมฺมานนวิมานนพหุวิธโทส-อูมิเวคญฺจ
38	อิสฺสามจฺฉริยมายาสาเฐยฺย-กุฏิลวิสมทุจฺจริตกิเลสมเลหิ
39	จีวรปิณฺฑปาตเสนาสนคิลานปฺปจฺจยเภสชฺชปริกฺขารานนฺติ
39	ราควินยปริโยสานโทสวินยปริโยสานโมหวินยปริโยสาน
40	กุสลากุสลสาวชฺชานวชฺชหีนปฺปณีตกณฺหสุกฺกสปฺปฏิภาคธมฺเม
40	ชาติชราพฺยาธิมรณโสกปริเทวทุกฺขโทมนสฺสุปายาสภยวิโน
40	ปิตฺตเสมฺหปุพฺพรุหิรเสทเมทเขฬสิงฺฆาณิกลสิกมุตฺตกรีสาทีนิ
40	มคฺคผลฌานวิโมกฺขสมาธิสมาปตฺติวิปสฺสนาภิญฺญาวิวิธคุณรตฺ
40	วาทิตวิสูกทสฺสนมาลาคนฺธวิเลปนธารณมณฺฑนวิภูสนฏฺฐานา
41	ทณฺฑาทานสตฺถาทานกลหวิคฺคหวิวาทตุวํตุวํเปสุญฺญมุสาวาทา
41	อิตรีตรจีวรปิณฺฑปาตเสนาสนคิลานปจฺจยเภสชฺชปริกฺขาเรหิ
42	ปฏฺฏนรตนากรนครสุงฺกฏฺฐานเวรชฺชกเฉชฺชเภชฺชชนมนุสาสนํ
42	สาลิวีหิยวตณฺฑุลติลมุคฺคมาสปุพฺพณฺณาปรณฺณสปฺปิเตลนวนีตขีรท
42	อภิวาทนปจฺจุฏฺฐาน-อญฺชลิกมฺมสามีจิกมฺมจีวรปิณฺฑปาตเสนาสน
42	อิตรีตรจีวรปิณฺฑปาตเสนาสนคิลานปฺปจฺจยเภสชฺชปริกฺขาเรน
42	อินฺทฺริยพลโพชฺฌงฺคมคฺควรฌานวิโมกฺขรูปารูปสนฺตสุขสมาปตฺติ
43	จีวรปิณฺฑปาตเสนาสนคิลานปจฺจยเภสชฺชปริกฺขารปริยาทาเนปิ
43	จีวรปิณฺฑปาตเสนาสนคิลานปจฺจยเภสชฺชปริกฺขารานุปฺปทานตฺถํ
44	วาตปิตฺตเสมฺหสนฺนิปาต-อุตุปริณามวิสมปริหาร-โอปกฺกมิโกปกฺกนฺตํ
49	คมฺภีรปริขาปณฺฑรปาการปริกฺขิตฺตนฺเตปุรํสุวิภตฺตวีถิจจฺจรจตุกฺกสิงฺฆาฏกํ
